NP->DT NN Pairs/Tokens,Pronoun-Noun Ratio
0.0,0.0
0.0,0.0
0.0,0.0
0.0,1.0
0.0,0.3333333333333333
0.2,0.3333333333333333
0.1666666666666666,0.5
0.0,0.0
0.0,0.3333333333333333
0.0,0.0
0.0,0.0
0.0769230769230769,0.2
0.0,0.0
0.0,0.5
0.0,0.5
0.0,0.0
0.0,0.5
0.0,0.1666666666666666
0.0,0.0
0.0,0.0
0.0,0.2
0.1111111111111111,0.3333333333333333
0.0833333333333333,0.25
0.0,0.3333333333333333
0.0,0.3333333333333333
0.2222222222222222,0.3333333333333333
0.0,0.0
0.0,0.0
0.0,0.0
0.0,0.5
0.0,0.0
0.0,0.0
0.0,1.0
0.0,0.0
0.0,1.0
0.0,0.5
0.0,0.0
0.0,1.0
0.0,0.25
0.0,0.0
0.0,0.3333333333333333
0.0,0.0
0.0,0.5
0.1428571428571428,0.0
0.0,0.3333333333333333
0.0,0.5
0.0,0.0
0.0,0.0
0.0,0.0
0.0,0.5
0.0,0.5
0.0,0.0
0.2,1.0
0.0,2.0
0.0,0.0
0.0,0.0
0.0,0.3333333333333333
0.0,0.5
0.1,0.0
0.0,0.5
0.0714285714285714,0.25
0.0,0.0
0.1111111111111111,0.3333333333333333
0.1,0.0
0.0,0.0
0.0,0.3333333333333333
0.0,0.5
0.1,0.0
0.0,1.0
0.0,0.5
0.0,0.5
0.0,0.3333333333333333
0.0909090909090909,0.0
0.0,0.3333333333333333
0.0,1.0
0.0,1.0
0.0,0.0
0.0,0.0
0.0,0.3333333333333333
0.0,0.0
0.0,0.0
0.0,0.0
0.0,0.0
0.0,0.0
0.125,2.0
0.0,0.0
0.0714285714285714,0.0
0.0,0.3333333333333333
0.0,1.0
0.0,0.25
0.0,0.0
0.0,0.3333333333333333
0.0,0.0
0.0,0.0
0.0,0.5
0.0,0.0
0.0,0.0
0.0,0.0
0.1666666666666666,0.6666666666666666
0.0666666666666666,0.0
0.05,0.0
0.0,0.5
0.0,0.0
0.0714285714285714,0.0
0.0,0.0
0.0,0.1428571428571428
0.0,0.0
0.08,0.0
0.0714285714285714,0.25
0.0476190476190476,0.2
0.0,0.0
0.1333333333333333,0.25
0.0526315789473684,0.2
0.0454545454545454,0.0
0.05,0.1666666666666666
0.0,0.5
0.125,0.3333333333333333
0.125,0.25
0.1666666666666666,0.25
0.1111111111111111,0.25
0.0,0.5
0.0,0.0
0.0,0.25
0.0,0.25
0.1875,0.2
0.0833333333333333,0.0
0.125,0.0
0.1176470588235294,0.2
0.0,0.0
0.1111111111111111,0.3333333333333333
0.0769230769230769,0.0
0.0769230769230769,0.0
0.0588235294117647,0.1666666666666666
0.0625,0.0
0.0,0.0
0.0588235294117647,0.3333333333333333
0.0625,0.3333333333333333
0.0,0.5
0.2142857142857142,0.0
0.1818181818181818,0.0
0.1052631578947368,0.0
0.0869565217391304,0.3333333333333333
0.0526315789473684,0.25
0.0,0.0
0.0833333333333333,0.0
0.0909090909090909,0.1666666666666666
0.0625,0.25
0.0,0.6666666666666666
0.0,0.3333333333333333
0.0833333333333333,0.2
0.0,0.3333333333333333
0.0,0.0
0.0588235294117647,0.25
0.0526315789473684,0.0
0.0833333333333333,0.3333333333333333
0.0,0.5
0.0,0.3333333333333333
0.0588235294117647,0.1428571428571428
0.0555555555555555,0.2
0.0,0.0
0.0,0.0
0.0,0.0
0.0,0.0
0.0,0.3333333333333333
0.0,0.0
0.0555555555555555,0.2
0.1176470588235294,0.25
0.0,0.0
0.0416666666666666,0.1666666666666666
0.0384615384615384,0.1428571428571428
0.0,0.0
0.0,0.0
0.0,0.5
0.0909090909090909,0.0
0.0909090909090909,0.0
0.0,0.3333333333333333
0.0,0.0
0.0,0.3333333333333333
0.0,0.25
0.1111111111111111,0.25
0.0,0.0
0.0588235294117647,0.25
0.0,0.25
0.0625,0.0
0.0,0.0
0.0,0.0
0.0526315789473684,0.2
0.0,0.0
0.0,0.5
0.0,0.0
0.0,0.25
0.0909090909090909,0.3333333333333333
0.0,0.5
0.0666666666666666,0.25
0.0,0.2
0.0769230769230769,0.0
0.125,0.0
0.0,0.0
0.0,0.0
0.0,0.2
0.0,0.0
0.0,0.2
0.0,0.1666666666666666
0.0,0.0
0.0,0.0
0.0714285714285714,0.2
0.0,0.0
0.08,0.1428571428571428
0.0,0.3333333333333333
0.0,0.0
0.0,0.3333333333333333
0.0384615384615384,0.0
0.0909090909090909,0.2
0.0,0.25
0.0,0.3333333333333333
0.0,0.0
0.0,0.5
0.0,0.0
0.0,0.3333333333333333
0.1111111111111111,0.3333333333333333
0.0,0.5
0.0,0.3333333333333333
0.0,0.0
0.0,0.25
0.0,0.3333333333333333
0.1111111111111111,0.5
0.1111111111111111,0.1428571428571428
0.0714285714285714,0.6666666666666666
0.0588235294117647,0.0
0.0,0.0
0.0,0.0
0.0,0.0
0.0454545454545454,0.25
0.0,0.0
0.0,0.0
0.0,0.0
0.1333333333333333,0.2
0.0526315789473684,0.1666666666666666
0.0454545454545454,0.0
0.0,0.25
0.1666666666666666,0.3333333333333333
0.0,0.2
0.1538461538461538,0.25
0.0476190476190476,0.2
0.0714285714285714,0.5
0.0,0.0
0.0,0.0
0.0,0.0
0.0454545454545454,0.2
0.0,0.0
0.0952380952380952,0.25
0.0,0.0
0.0,0.3333333333333333
0.0714285714285714,0.25
0.0588235294117647,0.25
0.0,0.0
0.0,0.0
0.0,0.0
0.0,0.0
0.0,0.2
0.0,0.0
0.0,0.0
0.0,0.25
0.0526315789473684,0.1666666666666666
0.0,0.25
0.0,0.125
0.0,0.25
0.0,0.0
0.0434782608695652,0.0
0.0,0.0
0.0,0.1428571428571428
0.1851851851851851,0.125
0.1538461538461538,0.0
0.0909090909090909,0.2
0.0526315789473684,0.0
0.1363636363636363,0.2
0.0,0.0
0.0,0.0
0.0,0.3333333333333333
0.0714285714285714,0.0
0.0,0.0
0.0,0.0
0.0,0.0
0.0,0.0
0.0909090909090909,0.5
0.0769230769230769,0.0
0.1052631578947368,0.25
0.0,0.3333333333333333
0.1176470588235294,0.0
0.0,0.5
0.0,0.0
0.0384615384615384,0.125
0.0,0.0
0.0,0.5
0.0526315789473684,0.0
0.0,0.1428571428571428
0.0,1.0
0.0,0.3333333333333333
0.1052631578947368,0.25
0.0,0.0
0.25,0.25
0.125,0.0
0.25,0.25
0.0,0.0
0.0,0.0
0.0,0.0
0.0,0.0
0.0,0.0
0.1333333333333333,0.25
0.2307692307692307,0.25
0.2307692307692307,0.25
0.2727272727272727,0.3333333333333333
0.0666666666666666,0.0
0.125,0.3333333333333333
0.0,0.0
0.0909090909090909,0.5
0.0,0.0
0.0,0.1111111111111111
0.0,0.0
0.0,0.125
0.0,0.1666666666666666
0.0,1.0
0.1176470588235294,0.2
0.0,0.0
0.0,0.0
0.0,0.0
0.0,0.0
0.0,0.0
0.0714285714285714,0.3333333333333333
0.0,0.0
0.0,0.0
0.0,0.25
0.1111111111111111,0.3333333333333333
0.0,0.0
0.0,0.0
0.0,0.6666666666666666
0.0,0.0
0.0,0.0
0.0952380952380952,0.0
0.0,0.0
0.1333333333333333,0.0
0.0,0.0
0.0,0.3333333333333333
0.0,0.0
0.1818181818181818,0.5
0.0625,0.0
0.0,0.3333333333333333
0.0588235294117647,0.2
0.0,0.0
0.0588235294117647,0.2
0.0,0.0
0.0,0.0
0.1,0.0
0.0909090909090909,0.3333333333333333
0.1,0.5
0.0833333333333333,0.0
0.1,0.0
0.05,0.0
0.0476190476190476,0.0
0.1,0.0
0.0416666666666666,0.0
0.0,0.0
0.0,0.5
0.0,0.0
0.0,0.6666666666666666
0.0,0.0
0.0,0.5
0.0,0.0
0.0,0.25
0.0,0.0
0.0,0.0
0.0,0.0
0.0588235294117647,0.0
0.0,0.25
0.1818181818181818,0.0
0.0,0.25
0.0,0.0
0.0769230769230769,0.0
0.0,0.0
0.0909090909090909,0.0
0.0833333333333333,0.0
0.0909090909090909,0.0
0.0,0.0
0.0,0.0
0.0,0.0
0.0,0.0
0.0,0.0
0.0,0.0
0.0,0.0
0.0,0.0
0.0909090909090909,0.0
0.0,0.0
0.0,0.0
0.0666666666666666,0.0
0.1333333333333333,0.0
0.1111111111111111,0.5
0.0,0.3333333333333333
0.0714285714285714,0.0
0.0833333333333333,0.5
0.1111111111111111,0.25
0.0,0.0
0.0714285714285714,0.0
0.0,0.1
0.0909090909090909,0.2
0.0,0.5
0.0833333333333333,0.3333333333333333
0.0,0.0
0.0666666666666666,0.0
0.05,0.0
0.0909090909090909,0.0
0.0,0.0
0.1538461538461538,0.0
0.0,0.0
0.1666666666666666,0.25
0.0,0.0
0.0,0.0
0.0,0.0
0.0,0.25
0.0,0.0
0.0,0.0
0.0,1.0
0.0,0.5
0.0909090909090909,0.0
0.0769230769230769,0.0
0.0,0.0
0.1428571428571428,0.0
0.0,0.0
0.0476190476190476,0.1428571428571428
0.0384615384615384,0.0833333333333333
0.0,0.3333333333333333
0.0,0.0
0.0,0.0
0.0,0.0
0.0,0.2
0.0,0.25
0.05,0.1428571428571428
0.0,0.0
0.0714285714285714,0.0
0.0,0.3333333333333333
0.0,1.0
0.0,0.0
0.0769230769230769,0.0
0.0,0.3333333333333333
0.1,0.25
0.0,0.0
0.0,0.0
0.0,0.0
0.0,0.3333333333333333
0.0,0.25
0.0,0.0
0.0625,0.3333333333333333
0.1,0.0
0.0,0.0
0.0,0.0
0.0,0.0
0.0714285714285714,0.0
0.0833333333333333,0.0
0.0,0.0
0.0,0.1666666666666666
0.0,0.3333333333333333
0.0,0.0
0.0,0.0
0.0714285714285714,0.0
0.1538461538461538,0.3333333333333333
0.0,0.0
0.0,0.0
0.0,0.0
0.2,0.3333333333333333
0.0,0.0
0.0,0.0
0.0,0.5
0.0833333333333333,0.0
0.0,1.0
0.0666666666666666,0.0
0.0,0.25
0.0,0.0
0.0909090909090909,0.25
0.0833333333333333,0.2
0.0,0.0
0.0,0.0
0.0,0.5
0.0,0.3333333333333333
0.0,0.0
0.3333333333333333,0.5
0.0,0.0
0.0,0.0
0.0,0.5
0.0,0.0
0.0,0.0
0.0,0.4
0.0,0.0
0.0,0.5
0.1538461538461538,0.1666666666666666
0.0,1.0
0.0,0.3333333333333333
0.0,0.4
0.0,0.1666666666666666
0.0952380952380952,0.0
0.0833333333333333,0.0
0.0,0.1666666666666666
0.0,0.2
0.0,0.2
0.0,0.0
0.0,0.2
0.0,0.6666666666666666
0.0,0.5
0.0,0.0
0.0909090909090909,0.5
0.0,0.25
0.0,0.3333333333333333
0.0,0.25
0.0,0.0
0.0,0.0
0.0,0.0
0.0,0.0
0.0,0.0
0.0909090909090909,0.2
0.0,0.25
0.0,0.6666666666666666
0.0,0.0
0.0,0.0
0.0,0.3333333333333333
0.0,0.0
0.0,0.25
0.0,0.3333333333333333
0.0833333333333333,0.3333333333333333
0.0,0.0
0.0,0.0
0.0,0.0
0.0,0.0
0.1,0.1666666666666666
0.0,0.3333333333333333
0.0,0.0
0.0588235294117647,0.2
0.0952380952380952,0.2
0.0,0.1666666666666666
0.0,0.4
0.0,0.25
0.0,0.0
0.0,0.5
0.0,0.3333333333333333
0.0,0.3333333333333333
0.0,1.0
0.0714285714285714,0.5
0.0,0.25
0.0,0.0
0.0,0.0
0.0,0.25
0.0526315789473684,0.3333333333333333
0.0,0.5
0.0,0.0
0.0,0.3333333333333333
0.0,0.25
0.5,0.25
0.5,0.0
1.0,0.0
0.0,0.0
0.0833333333333333,0.3333333333333333
0.0,1.0
0.0,1.0
0.0,0.0
0.0,0.0
0.0,0.5
0.0,0.5
0.0,0.1666666666666666
0.1176470588235294,0.1666666666666666
0.0,0.25
0.1666666666666666,0.3333333333333333
0.0,0.3333333333333333
0.0,0.2
0.0,0.25
0.0,0.25
0.0,0.25
0.0714285714285714,0.2
0.0,0.25
0.0,0.1666666666666666
0.0,0.3333333333333333
0.0,0.0
0.0,0.0
0.0,0.0
0.0,0.5
0.0,0.0
0.0,0.0
0.0,0.0
0.0,0.0
0.0,0.5
0.0,0.0
0.0,0.0
0.0,0.0
0.0,0.0
0.0,0.2
0.0,0.0
0.1,0.0
0.125,0.0
0.0909090909090909,0.25
0.0,0.0
0.0,0.0
0.0,0.0
0.0,0.0
0.0,0.0
0.0,0.0
0.0,0.0
0.0,0.0
0.0,0.5
0.0,0.0
0.0,0.0
0.0,0.0
0.0,0.0
0.0,0.0
0.125,0.0
0.0769230769230769,0.3333333333333333
0.0833333333333333,0.3333333333333333
0.0,0.0
0.0,0.0
0.0,0.0
0.0,0.0
0.0,0.0
0.0,0.0
0.0,0.0
0.0,0.0
0.0,0.0
0.0,0.5
0.0,0.5
0.0,0.0
0.0714285714285714,0.3333333333333333
0.0,0.0
0.0,0.25
0.1,0.5
0.1666666666666666,0.0
0.0,0.5
0.0833333333333333,0.3333333333333333
0.0,0.5
0.0,0.0
0.0,0.5
0.0,0.0
0.0,0.0
0.0,0.0
0.0,0.6666666666666666
0.0,0.6666666666666666
0.0,0.0
0.0,0.0
0.0,0.0
0.0,0.5
0.0,0.0
0.0,0.0
0.0,0.3333333333333333
0.0,0.0
0.0909090909090909,0.0
0.0,0.0
0.0666666666666666,0.2
0.0,0.5
0.0,0.3333333333333333
0.0,0.0
0.0,0.0
0.0,0.0
0.0,0.0
0.0,0.0
0.0,0.0
0.0,0.5
0.0,0.3333333333333333
0.0,0.5
0.0,0.0
0.0,0.0
0.1,0.25
0.1176470588235294,0.0
0.0,0.0
0.0,0.0
0.0,0.0
0.0,0.0
0.0,0.0
0.0,0.0
0.0909090909090909,0.0
0.0,0.0
0.0,0.0
0.0,0.0
0.0,0.0
0.1,0.3333333333333333
0.0714285714285714,0.0
0.0,0.0
0.0,0.0
0.0,0.0
0.1,0.0
0.1428571428571428,0.3333333333333333
0.0833333333333333,0.0
0.0714285714285714,0.0
0.0,0.0
0.1,0.3333333333333333
0.1111111111111111,0.0
0.0,0.3333333333333333
0.0909090909090909,0.25
0.0,0.3333333333333333
0.0,0.5
0.0,1.0
0.0,0.5
0.0,0.0
0.0,0.0
0.0833333333333333,0.0
0.0,0.0
0.0,0.0
0.0,0.0
0.0,0.0
0.0,0.0
0.0,0.0
0.0,0.0
0.0,0.0
0.0,0.0
0.0833333333333333,0.5
0.0,0.0
0.0,0.0
0.1666666666666666,1.0
0.0,0.0
0.0909090909090909,0.0
0.0909090909090909,0.0
0.0588235294117647,0.0
0.1428571428571428,0.0
0.0,0.5
0.0,0.0
0.125,0.5
0.0,0.0
0.0,0.0
0.0,0.5
0.0,0.5
0.0,0.0
0.0,0.0
0.1666666666666666,0.0
0.0,0.0
0.0,0.0
0.0,0.25
0.0,0.0
0.0909090909090909,0.0
0.0,0.0
0.0,0.3333333333333333
0.0714285714285714,0.2
0.0,0.0
0.0,0.0
0.0,0.0
0.0,0.0
0.0714285714285714,0.0
0.0,0.2
0.0,0.0
0.0,0.3333333333333333
0.0,0.0
0.0,0.0
0.0,0.0
0.0,0.0
0.0,0.0
0.1666666666666666,0.0
0.1428571428571428,0.0
0.1111111111111111,0.0
0.0,0.0
0.0,0.0
0.1111111111111111,0.0
0.0,1.0
0.1111111111111111,0.5
0.0,0.5
0.0,0.0
0.0,0.0
0.1428571428571428,0.0
0.0,0.0
0.0,0.0
0.0,0.0
0.0,0.0
0.0,0.5
0.0909090909090909,0.6666666666666666
0.0,0.0
0.0,0.0
0.0,0.0
0.1428571428571428,1.0
0.1,0.0
0.0,0.0
0.0,0.0
0.1666666666666666,0.25
0.0,0.0
0.1111111111111111,0.0
0.125,0.0
0.0,0.0
0.1666666666666666,1.0
0.0,0.0
0.0,0.0
0.0,0.0
0.0833333333333333,0.0
0.0,0.0
0.0,0.0
0.0833333333333333,0.3333333333333333
0.0,0.0
0.0,0.0
0.0,0.0
0.0,0.3333333333333333
0.0,0.0
0.0555555555555555,0.1666666666666666
0.0714285714285714,0.2
0.0,0.0
0.0,0.0
0.0,0.0
0.0909090909090909,0.3333333333333333
0.0,0.0
0.0,0.3333333333333333
0.125,0.5
0.1,0.0
0.0,0.3333333333333333
0.125,0.0
0.0,0.0
0.0,1.0
0.0,0.0
0.0,0.3333333333333333
0.0,0.0
0.0,1.0
0.0,0.0
0.0666666666666666,0.2
0.0,0.0
0.0,0.0
0.0,0.25
0.0,0.3333333333333333
0.0,0.0
0.0,0.0
0.0,0.0
0.0,0.0
0.0,0.0
0.0,0.0
0.0,0.0
0.0,0.0
0.0,0.0
0.0,0.3333333333333333
0.0,0.0
0.0,0.2
0.125,0.0
0.0,0.0
0.0,0.0
0.0,0.3333333333333333
0.0,0.6666666666666666
0.0,1.0
0.0,0.0
0.0,0.0
0.1818181818181818,0.6666666666666666
0.1,0.25
0.125,0.0
0.1666666666666666,0.0
0.0769230769230769,0.2
0.1,0.0
0.1,0.0
0.0909090909090909,0.0
0.0,0.0
0.0,0.0
0.0,0.0
0.0,0.0
0.0,0.0
0.0,0.0
0.0,0.0
0.0,0.3333333333333333
0.0,0.0
0.0,0.0
0.0,0.5
0.0909090909090909,0.0
0.0,0.0
0.0666666666666666,0.0
0.0,0.25
0.0,0.0
0.0,0.0
0.0909090909090909,0.0
0.0,0.0
0.0,0.0
0.0,0.0
0.0,0.0
0.1,0.0
0.2,0.0
0.0714285714285714,0.0
0.0769230769230769,0.0
0.0,0.0
0.0,0.0
0.0,0.0
0.0,0.0
0.0,0.5
0.0,0.0
0.1111111111111111,0.2
0.1111111111111111,0.5
0.0714285714285714,0.3333333333333333
0.0,0.3333333333333333
0.0,0.5
0.0,0.0
0.1,0.0
0.0833333333333333,0.0
0.0,0.0
0.0,0.0
0.0,0.0
0.0,0.0
0.0909090909090909,0.0
0.0,0.0
0.0,1.0
0.0,0.0
0.0,0.3333333333333333
0.1,0.3333333333333333
0.0909090909090909,0.0
0.0,0.0
0.0,0.0
0.0833333333333333,1.0
0.0,0.25
0.0666666666666666,0.2
0.0,0.25
0.0,0.0
0.0,0.3333333333333333
0.0,0.0
0.0909090909090909,0.2
0.0,0.5
0.0,-1.0
0.0,0.0
0.0,0.0
0.0,0.3333333333333333
0.0,0.0
0.2222222222222222,0.0
0.0909090909090909,0.3333333333333333
0.0,0.0
0.0,0.0
0.0,0.0
0.0,0.0
0.0,0.0
0.0,0.0
0.0,0.0
0.0,0.0
0.0,0.0
0.0,0.0
0.0,0.25
0.0,0.0
0.0,0.5
0.0769230769230769,0.0
0.0,0.3333333333333333
0.0,0.0
0.0,0.0
0.0,1.0
0.1111111111111111,0.5
0.0,0.0
0.0,1.0
0.2,1.0
0.0,0.0
0.0769230769230769,0.0
0.0,0.0
0.0,0.0
0.0,0.0
0.0,0.0
0.0,0.0
0.0,0.0
0.0,0.3333333333333333
0.0,1.0
0.0,0.0
0.0,0.3333333333333333
0.0,0.0
0.0,0.0
0.0833333333333333,0.0
0.0,0.0
0.0666666666666666,0.25
0.0,0.0
0.0,0.3333333333333333
0.0625,0.2
0.1428571428571428,1.0
0.1111111111111111,0.6666666666666666
0.1176470588235294,0.3333333333333333
0.0,0.5
0.0,0.0
0.0,0.0
0.0,0.0
0.0,0.3333333333333333
0.0833333333333333,0.0
0.2,1.0
0.0,0.3333333333333333
0.0,0.5
0.0588235294117647,0.0
0.0714285714285714,0.0
0.0,0.5
0.0,0.0
0.0,0.0
0.0,0.0
0.0666666666666666,0.0
0.0,0.0
0.0,0.0
0.0,0.0
0.0,0.0
0.0,0.2
0.1428571428571428,0.2
0.04,0.0
0.0,0.0
0.0,0.0
0.0,0.0
0.0,0.0
0.0,0.2
0.0,0.0
0.0,0.0
0.0,0.0
0.0,0.0
0.1666666666666666,0.1428571428571428
0.0,0.0
0.0,0.0
0.0,0.0
0.0588235294117647,0.1666666666666666
0.0476190476190476,0.5
0.0625,0.0
0.0588235294117647,0.0
0.0,0.0
0.1111111111111111,0.3333333333333333
0.0,0.0
0.0,0.1666666666666666
0.0,0.3333333333333333
0.0833333333333333,0.0
0.0,0.0
0.0,0.25
0.0,0.3333333333333333
0.0,0.1428571428571428
0.0,0.3333333333333333
0.1,0.3333333333333333
0.0,0.3333333333333333
0.0,0.0
0.0,0.0
0.0909090909090909,0.3333333333333333
0.0,0.0
0.0833333333333333,0.2
0.1666666666666666,0.5
0.0,1.0
0.0,0.0
0.0,0.0
0.0909090909090909,0.0
0.0,0.3333333333333333
0.0,0.0
0.0,0.5
0.0,0.3333333333333333
0.0,0.0
0.0,0.0
0.0,0.0
0.0,0.0
0.0,0.0
0.0,0.3333333333333333
0.0,0.3333333333333333
0.0,0.0
0.0,0.0
0.0,0.3333333333333333
0.0909090909090909,0.0
0.0909090909090909,0.25
0.1666666666666666,0.25
0.0,0.3333333333333333
0.0,0.25
0.0,0.0
0.0,0.0
0.0769230769230769,0.0
0.0,0.0
0.0,0.5
0.0,0.5
0.0,0.0
0.0,0.3333333333333333
0.0,0.25
0.0,0.3333333333333333
0.0909090909090909,0.3333333333333333
0.0,0.25
0.0,0.25
0.1,0.3333333333333333
0.0,0.0
0.0,0.0
0.0,0.0
0.0,0.0
0.0,0.0
0.0588235294117647,0.1428571428571428
0.0,0.0
0.0,0.0
0.0,0.0
0.0,0.0
0.0,0.3333333333333333
0.1111111111111111,0.3333333333333333
0.0,0.0
0.0526315789473684,0.2
0.0,1.0
0.0,0.0
0.0909090909090909,0.0
0.0,0.5
0.0,0.0
0.0,0.0
0.1,0.3333333333333333
0.125,0.5
0.0,0.25
0.0,0.0
0.0,0.3333333333333333
0.0909090909090909,0.1666666666666666
0.0,0.0
0.0,0.25
0.0833333333333333,0.25
0.1428571428571428,0.5
0.0,0.3333333333333333
0.1111111111111111,0.5
0.0,1.0
0.0,0.1666666666666666
0.0,0.125
0.0,0.0
0.0,0.0
0.1052631578947368,0.1666666666666666
0.0555555555555555,0.0
0.0909090909090909,0.3333333333333333
0.0,0.0
0.05,0.2
0.0714285714285714,0.2
0.0,0.3333333333333333
0.0,0.0
0.0,0.1428571428571428
0.0,0.3333333333333333
0.0,0.0
0.2307692307692307,0.3333333333333333
0.0,0.0
0.0454545454545454,0.6666666666666666
0.0434782608695652,0.3333333333333333
0.0,0.5
0.0,0.0
0.0,0.0
0.0,0.0
0.0,0.0
0.0,0.0
0.0,0.25
0.0,0.2
0.0,0.3333333333333333
0.0,0.0
0.0,0.3333333333333333
0.0,0.0
0.0625,0.0
0.0,0.2
0.1111111111111111,0.3333333333333333
0.0,0.25
0.0,0.2
0.1,0.25
0.1818181818181818,0.0
0.0,0.0
0.0,0.0
0.1428571428571428,0.25
0.0,0.3333333333333333
0.0,0.0
0.0,0.3333333333333333
0.0833333333333333,0.25
0.0,0.25
0.0,0.4
0.0,0.0
0.0,0.5
0.0,0.0
0.0,-1.0
0.1111111111111111,0.5
0.0588235294117647,0.0
0.0,0.0
0.0,1.0
0.0,0.0
0.0,0.0
0.0,0.0
0.0,0.3333333333333333
0.0833333333333333,0.0
0.0,0.0
0.0,0.0
0.0,0.25
0.0,0.0
0.0,0.0
0.1428571428571428,0.0
0.0,0.0
0.0,0.0
0.0909090909090909,0.0
0.0,0.5
0.0,0.0
0.0,0.5
0.0,0.0
0.0,0.5
0.0,0.0
0.0909090909090909,0.0
0.0769230769230769,0.2
0.0,0.25
0.0,0.0
0.0,0.0
0.0625,0.25
0.125,0.3333333333333333
0.05,0.2
0.1428571428571428,0.0
0.0,0.3333333333333333
0.1,0.6666666666666666
0.0,0.25
0.0,0.0
0.0,0.0
0.0,0.0
0.0,0.0
0.0,0.0
0.0,0.0
0.0,0.0
0.1,0.5
0.1111111111111111,0.3333333333333333
0.0,0.0
0.0769230769230769,0.25
0.0,1.0
0.2,0.0
0.0,0.0
0.0,0.0
0.0,1.0
0.1538461538461538,0.25
0.1666666666666666,0.3333333333333333
0.1111111111111111,0.5
0.0769230769230769,0.0
1.0,0.0
0.0,0.0
0.0,0.0
0.0,1.0
0.1176470588235294,0.6666666666666666
0.0,0.2
0.0,0.25
0.0,0.0
0.0,0.0
0.1,0.3333333333333333
0.0769230769230769,0.0
0.0,0.0
0.0,0.0
0.0714285714285714,0.0
0.0,0.0
0.0,0.2
0.0,0.25
0.0,0.3333333333333333
0.0,0.0
0.0666666666666666,0.0
0.0,0.5
0.0,0.0
0.0,0.0
0.0,0.0
0.0,1.0
0.0,-1.0
0.0,0.3333333333333333
0.0,0.3333333333333333
0.0,0.0
0.0,0.5
0.0,0.0
0.0,0.0
0.0769230769230769,0.3333333333333333
0.0,0.0
0.0,0.0
0.1428571428571428,0.25
0.0,0.25
0.0,1.0
0.0,0.0
0.0,0.5
0.0,0.6666666666666666
0.0588235294117647,0.5
0.1333333333333333,0.3333333333333333
0.0,0.25
0.0,0.0
0.1,0.5
0.0,0.3333333333333333
0.0,0.3333333333333333
0.1111111111111111,0.0
0.0,0.0
0.0833333333333333,0.3333333333333333
0.0,0.5
0.0714285714285714,0.0
0.0,1.0
0.0,0.0
0.0,0.0
0.0,0.0
0.0,0.0
0.0,0.0
0.0,0.0
0.0,0.0
0.0666666666666666,0.0
0.0,0.0
0.0,0.0
0.0,0.0
0.1,0.0
0.0909090909090909,0.0
0.0,0.0
0.0,0.0
0.0,0.3333333333333333
0.0,0.0
0.0,0.2
0.0,0.0
0.0,0.0
0.0,0.0
0.0,0.0
0.0,0.0
0.0,0.0
0.0769230769230769,0.0
0.1333333333333333,0.25
0.0,0.5
0.0,0.0
0.0909090909090909,0.0
0.0,0.0
0.0,0.0
0.0,0.0
0.0,0.0
0.0,0.0
0.0,0.0
0.0,0.0
0.0,0.0
0.0,0.0
0.0,0.0
0.0,0.0
0.0,0.0
0.1176470588235294,0.0
0.0769230769230769,0.25
0.0,0.0
0.0,0.0
0.0,0.3333333333333333
0.0,0.0
0.0,0.3333333333333333
0.0,0.0
0.1,0.0
0.0,0.0
0.125,0.3333333333333333
0.0,0.0
0.1333333333333333,0.0
0.0,0.0
0.0,0.0
0.0,0.0
0.0,0.0
0.0833333333333333,0.0
0.0714285714285714,0.2
0.0,0.0
0.0,0.0
0.0,0.3333333333333333
0.0,0.3333333333333333
0.0769230769230769,0.0
0.0,0.3333333333333333
0.0,0.0
0.0,0.3333333333333333
0.0,0.0
0.0,0.3333333333333333
0.0,0.0
0.0,0.0
0.0,0.0
0.0,0.0
0.0,0.0
0.0,0.3333333333333333
0.125,0.5
0.0,0.0
0.0909090909090909,0.25
0.0,0.0
0.1,0.0
0.1111111111111111,0.3333333333333333
0.0,0.3333333333333333
0.0666666666666666,0.0
0.0,0.3333333333333333
0.0,0.0
0.0,0.25
0.0,0.0
0.1538461538461538,0.5
0.1,0.0
0.0769230769230769,0.0
0.0,0.0
0.0,0.0
0.0909090909090909,0.3333333333333333
0.0,0.3333333333333333
0.0,0.3333333333333333
0.0,1.0
0.0,0.5
0.1,0.25
0.0,0.0
0.0769230769230769,0.1666666666666666
0.0666666666666666,0.0
0.0,0.0
0.0,0.2
0.0,0.0
0.0,0.5
0.0,0.0
0.0,0.0
0.0,0.0
0.0,0.0
0.0588235294117647,0.0
0.0,0.0
0.0,0.0
0.0,0.0
0.1428571428571428,0.0
0.0,0.0
0.0,0.0
0.0909090909090909,0.0
0.0,0.0
0.0625,0.2
0.0,1.0
0.0,0.5
0.0,0.0
0.0,0.0
0.0,0.25
0.0833333333333333,0.0
0.0666666666666666,0.1428571428571428
0.0,0.0
0.0,0.0
0.0,0.0
0.0,1.0
0.0909090909090909,0.0
0.0,0.0
0.0,0.0
0.0909090909090909,0.3333333333333333
0.0,0.0
0.1,0.3333333333333333
0.0,0.5
0.0625,0.2
0.0,0.0
0.0,0.0
0.1,0.0
0.0,0.0
0.0,2.0
0.0909090909090909,0.0
0.0,0.0
0.0,0.0
0.0714285714285714,0.0
0.0,0.0
0.0,0.25
0.0833333333333333,0.0
0.0,0.0
0.0,0.3333333333333333
0.0,0.0
0.0,0.0
0.2,0.0
0.0833333333333333,0.0
0.0833333333333333,0.5
0.0769230769230769,0.0
0.0,0.0
0.0,0.0
0.0,0.0
0.0,0.0
0.1052631578947368,0.0
0.0625,0.2
0.0,0.5
0.05,0.2
0.0,0.0
0.0,0.0
0.0625,0.1666666666666666
0.0,0.3333333333333333
0.0,0.0
0.0,0.0
0.0,0.0
0.0,0.3333333333333333
0.0,0.0
0.0,0.4285714285714285
0.0,0.0
0.0,0.2
0.0,1.0
0.1,0.0
0.0,0.5
0.125,0.0
0.0,0.0
0.0,0.0
0.0,0.3333333333333333
0.0,0.0
0.1111111111111111,0.0
0.0,0.0
0.0,0.25
0.0,1.0
0.0,0.0
0.1052631578947368,0.2
0.0,0.3333333333333333
0.1538461538461538,0.25
0.0,0.0
0.0,0.0
0.0,0.0
0.0833333333333333,0.3333333333333333
0.0,0.0
0.0,0.3333333333333333
0.0,0.0
0.0,0.0
0.0526315789473684,0.0
0.1666666666666666,1.0
0.0,0.0
0.0,0.0
0.0526315789473684,0.25
0.0666666666666666,0.0
0.0,0.0
0.0833333333333333,0.0
0.0,0.0
0.0,0.0
0.0,0.0
0.0,0.0
0.0833333333333333,0.0
0.0,0.3333333333333333
0.0,0.0
0.0,0.0
0.0,0.0
0.0,0.0
0.0769230769230769,0.0
0.0,0.0
0.125,0.0
0.0,1.0
0.0,0.0
0.0,0.2
0.0,0.0
0.0,0.0
0.0,0.0
0.0,0.0
0.0,0.0
0.0,0.0
0.0,0.25
0.0,0.0
0.0,0.0
0.0714285714285714,0.0
0.0,0.0
0.0,0.25
0.0,0.5
0.0,0.5
0.0,0.5
0.0,0.3333333333333333
0.0,0.5
0.0,0.0
0.0,0.3333333333333333
0.0,0.3333333333333333
0.0,0.3333333333333333
0.0,0.5
0.0909090909090909,0.3333333333333333
0.0,0.0
0.0,0.5
0.0,0.2
0.0,0.3333333333333333
0.0,0.3333333333333333
0.0,0.0
0.0,0.0
0.0,0.0
0.0,0.3333333333333333
0.0,1.0
0.0,0.5
0.0,0.3333333333333333
0.0,0.3333333333333333
0.0,0.3333333333333333
0.0,0.25
0.0,0.5
0.0,0.0
0.0769230769230769,0.0
0.0,0.0
0.0,0.0
0.0,0.0
0.0,0.0
0.0,0.0
0.0,0.25
0.0,0.2
0.0,0.0
0.0,1.0
0.0,0.0
0.0,0.0
0.0,0.0
0.0,0.0
0.0769230769230769,0.3333333333333333
0.0714285714285714,0.3333333333333333
0.0,0.0
0.0,0.0
0.0,0.0
0.0,0.3333333333333333
0.1538461538461538,0.0
0.0909090909090909,0.0
0.0,0.0
0.0,0.0
0.0,0.25
0.0,0.0
0.0,0.5
0.1,0.0
0.1111111111111111,0.0
0.0,0.5
0.0,0.5
0.0666666666666666,0.0
0.0555555555555555,0.0
0.0,0.25
0.0434782608695652,0.0
0.1,0.3333333333333333
0.0,0.0
0.0,0.0
0.0,0.2
0.0555555555555555,0.25
0.1333333333333333,0.0
0.0,0.6666666666666666
0.1,0.25
0.0,0.0
0.0,0.0
0.0833333333333333,0.0
0.125,0.25
0.1176470588235294,0.0
0.0,0.0
0.0,0.0
0.0,0.5
0.0,0.0
0.0,0.25
0.0588235294117647,0.0
0.0,0.0
0.0,0.0
0.0,0.0
0.0,0.5
0.0,0.0
0.0,0.0
0.0,0.5
0.0,0.0
0.0,0.2
0.0,0.0
0.1666666666666666,1.0
0.0,0.2
0.1052631578947368,0.0
0.0588235294117647,0.0
0.0,0.5
0.0,0.0
0.0,0.0
0.0,0.5
0.0555555555555555,0.0
0.0,0.5
0.0,0.0
0.0769230769230769,0.0
0.0,0.5
0.0588235294117647,0.0
0.0476190476190476,0.5
0.0,0.1666666666666666
0.0,0.0
0.0,0.0
0.0,0.0
0.0,0.25
0.0,0.0
0.0,0.0
0.0,0.0
0.0,0.5
0.0666666666666666,0.1428571428571428
0.0,0.0
0.0,0.0
0.0,0.0
0.0,0.3333333333333333
0.0,0.0
0.0,0.0
0.0769230769230769,0.3333333333333333
0.0,0.5
0.0588235294117647,0.0
0.0,0.0
0.0,0.0
0.0,0.3333333333333333
0.0,0.5
0.0,0.1666666666666666
0.0,0.0
0.0,0.2
0.0,0.0
0.0,0.25
0.0,0.3333333333333333
0.0,0.0
0.0,0.0
0.0,0.3333333333333333
0.0,0.0
0.0833333333333333,0.0
0.0769230769230769,0.0
0.0476190476190476,0.0
0.0,0.0
0.0625,0.25
0.0909090909090909,0.3333333333333333
0.0,0.0
0.0,0.25
0.0,0.0
0.0,0.0
0.0,0.0
0.0,0.0
0.0588235294117647,0.0
0.0,0.0
0.0,0.0
0.0625,0.25
0.0,0.0
0.1,0.0
0.0,0.0
0.1,0.0
0.0,0.0
0.0714285714285714,0.0
0.0,0.0
0.0,0.0
0.0,0.0
0.0,0.0
0.0714285714285714,0.0
0.0769230769230769,0.0
0.0,0.0
0.0,0.0
0.0,0.3333333333333333
0.0,0.0
0.0,0.0
0.1111111111111111,0.3333333333333333
0.0555555555555555,0.0
0.0,0.0
0.0,0.0
0.0,0.3333333333333333
0.0,0.0
0.0,0.0
0.0714285714285714,0.0
0.0,0.0
0.0,0.3333333333333333
0.0,1.0
0.0416666666666666,0.0
0.1,0.3333333333333333
0.0,0.1666666666666666
0.0,0.5
0.0,0.0
0.0357142857142857,0.125
0.0,0.1666666666666666
0.0,0.0
0.0,0.0
0.0,1.0
0.0,0.125
0.0,0.1666666666666666
0.0833333333333333,0.3333333333333333
0.0,0.0
0.0,0.0
0.0,1.0
0.0,0.0
0.0,1.0
0.0476190476190476,0.1666666666666666
0.0,0.3333333333333333
0.0,0.0
0.0,0.5
0.0,0.0
0.0,0.25
0.0,0.0
0.0,0.1666666666666666
0.0,0.5
0.0,0.0
0.0,1.0
0.1428571428571428,0.0
0.0,0.0
0.0303030303030303,0.125
0.0,0.1666666666666666
0.0967741935483871,0.0
0.0,0.0
0.125,0.25
0.0,0.0
0.0625,0.0
0.0,0.25
0.0416666666666666,0.4
0.0,0.1
0.0,0.1428571428571428
0.0,0.1666666666666666
0.0833333333333333,0.0
0.0833333333333333,0.0
0.0,0.3333333333333333
0.0333333333333333,0.0
0.0,0.0
0.0833333333333333,0.0
0.1111111111111111,0.0
0.0,0.3333333333333333
0.0833333333333333,0.0
0.0,0.3333333333333333
0.0769230769230769,0.0
0.0,0.0
0.0,0.0
0.0,0.0
0.0,0.0
0.0,0.0
0.0,0.0
0.1,0.0
0.1176470588235294,0.1666666666666666
0.1333333333333333,0.0
0.0,0.3333333333333333
0.0909090909090909,0.0
0.0,1.0
0.0909090909090909,0.0
0.0,0.3333333333333333
0.0,0.0
0.0,0.3333333333333333
0.0,0.0
0.0,0.25
0.0625,0.0
0.0,0.0
0.0,0.0
0.0,0.0
0.0,0.0
0.0,0.0
0.0833333333333333,0.0
0.1333333333333333,0.3333333333333333
0.0714285714285714,0.3333333333333333
0.0909090909090909,1.0
0.0526315789473684,0.0
0.0714285714285714,0.0
0.0714285714285714,0.0
0.0625,0.3333333333333333
0.0,0.0
0.0,0.0
0.0714285714285714,0.3333333333333333
0.0625,0.0
0.0714285714285714,0.0
0.1176470588235294,0.25
0.0,1.0
0.1,0.3333333333333333
0.0,0.5
0.1428571428571428,0.0
0.0,0.0
0.0,0.0
0.0,0.25
0.0,0.3333333333333333
0.0,0.3333333333333333
0.0416666666666666,0.0
0.05,0.0
0.0,0.0
0.0,0.3333333333333333
0.0,0.25
0.2142857142857142,0.25
0.0,0.0
0.0833333333333333,0.0
0.1111111111111111,0.0
0.1,0.0
0.0588235294117647,0.0
0.0,0.0
0.0,0.0
0.0714285714285714,0.0
0.0666666666666666,0.0
0.125,0.25
0.0714285714285714,0.0
0.0,0.0
0.0,0.0
0.0,0.0
0.1538461538461538,0.2
0.1111111111111111,0.25
0.0,1.0
0.1,0.0
0.0,0.0
0.0,0.25
0.0,0.0
0.0,0.0
0.0625,0.0
0.0666666666666666,0.0
0.0769230769230769,0.0
0.0,0.2
0.0,0.0
0.0833333333333333,0.25
0.0,0.5
0.0,0.2
0.1538461538461538,0.3333333333333333
0.0,0.5
0.0,0.0
0.0,0.3333333333333333
0.0,0.0
0.0,0.0
0.0,0.25
0.0,0.0
0.0,0.5
0.0,0.0
0.0769230769230769,0.3333333333333333
0.0,0.0
0.0,-1.0
0.0526315789473684,0.0
0.0666666666666666,0.2
0.0,0.0
0.0,0.25
0.0,0.0
0.0909090909090909,0.0
0.0625,0.0
0.1666666666666666,0.0
0.0714285714285714,0.25
0.0,0.0
0.0,0.0
0.0,0.0
0.0,0.0
0.0,0.0
0.0,0.0
0.0,0.0
0.1111111111111111,0.0
0.0909090909090909,0.0
0.0,0.5
0.0769230769230769,0.2
0.0,0.1666666666666666
0.0,0.0
0.0,0.0
0.0714285714285714,0.25
0.0,0.0
0.0,0.0
0.0,0.1428571428571428
0.0,0.0
0.0,0.5
0.0,0.0
0.1538461538461538,0.3333333333333333
0.0,0.0
0.0,0.0
0.0,0.5
0.0,0.6666666666666666
0.0,0.0
0.0,0.0
0.0,0.3333333333333333
0.0,0.0
0.0666666666666666,0.0
0.0,0.0
0.0,0.25
0.0555555555555555,0.0
0.0526315789473684,0.0
0.0555555555555555,0.2
0.0,0.3333333333333333
0.1333333333333333,0.25
0.0,0.3333333333333333
0.0,0.0
0.0,0.0
0.0,0.0
0.0,0.0
0.0,0.0
0.0,0.0
0.0,0.25
0.0,0.0
0.0,0.0
0.0,0.0
0.0555555555555555,0.2
0.0,0.0
0.0,0.0
0.0,0.0
0.0,0.0
0.0,0.25
0.0,0.0
0.0,0.3333333333333333
0.0588235294117647,0.0
0.0,0.3333333333333333
0.0,0.0
0.0,0.0
0.0,0.25
0.0,0.0
0.0,0.0
0.0,0.1666666666666666
0.0,0.5
0.0526315789473684,0.0
0.0714285714285714,0.0
0.0,0.0
0.0,0.0
0.0,0.0
0.2,1.0
0.125,1.0
0.0,1.0
0.0,-1.0
0.0,0.5
0.0,-1.0
0.0,-1.0
0.0,1.0
0.0,2.0
0.0,-1.0
0.0,0.0
0.0,0.5
0.1818181818181818,0.0
0.0,0.5
0.0,0.5
0.1111111111111111,1.0
0.0,0.5
0.0,0.5
0.0,1.0
0.0,0.0
0.1428571428571428,1.0
0.0,1.0
0.0,0.0
0.0,0.0
0.0769230769230769,0.3333333333333333
0.2,1.0
0.0,1.0
0.125,0.5
0.0,0.25
0.0,0.0
0.0,1.0
0.0,0.5
0.0,1.0
0.0,0.0
0.0,0.0
0.0,1.0
0.0,0.0
0.0714285714285714,0.0
0.0714285714285714,0.25
0.0,0.0
0.0,0.5
0.0,0.0
0.0,0.3333333333333333
0.0,0.0
0.0,0.0
0.0,1.0
0.0,0.5
0.0,0.0
0.0,0.5
0.0,0.0
0.0,0.0
0.0,2.0
0.0,0.0
0.0,0.5
0.0,3.0
0.0,0.0
0.0,0.0
0.0,0.5
0.0,0.5
0.0,0.0
0.0,0.0
0.0,0.5
0.0,1.0
0.0,0.3333333333333333
0.0,2.0
0.0769230769230769,0.0
0.0,0.0
0.0,0.0
0.0,0.0
0.2,0.5
0.0,1.0
0.1666666666666666,1.0
0.0,1.0
0.0,0.5
0.0,0.3333333333333333
0.0,1.0
0.0,0.5
0.0,1.0
0.0,0.0
0.0,0.0
0.0,0.3333333333333333
0.1111111111111111,0.5
0.0,0.25
0.1,0.5
0.0,0.0
0.2,1.0
0.0,0.5
0.2,1.0
0.0,1.0
0.0833333333333333,0.6666666666666666
0.0,0.0
0.0909090909090909,0.5
0.2,0.0
0.0,0.5
0.0,1.0
0.0909090909090909,0.3333333333333333
0.0,0.0
0.0,0.3333333333333333
0.0,0.0
0.0,0.0
0.0,0.0
0.1538461538461538,0.25
0.125,0.5
0.0,1.0
0.0,0.0
0.0,1.0
0.0,1.0
0.0909090909090909,0.3333333333333333
0.0,0.6666666666666666
0.0,0.3333333333333333
0.0,0.5
0.0,0.0
0.0,0.0
0.0588235294117647,0.2857142857142857
0.1111111111111111,0.5
0.1,0.3333333333333333
0.0,0.0
0.0,-1.0
0.0,0.0
0.0,1.0
0.0,0.0
0.0,1.0
0.0,3.0
0.0,0.5
0.0,-1.0
0.0,0.0
0.0,0.0
0.0,0.0
0.0,0.0
0.0,0.0
0.0,1.0
0.0,0.0
0.0,0.0
0.0,1.0
0.0,0.0
0.0,0.5
0.0,0.0
0.0,1.0
0.0,0.0
0.0,0.0
0.0,0.0
0.0714285714285714,1.0
0.0,1.0
0.0625,0.3333333333333333
0.0,0.3333333333333333
0.0,1.0
0.0,1.0
0.0,0.0
0.0,0.3333333333333333
0.0,0.1428571428571428
0.0,0.0
0.0,0.0
0.0526315789473684,0.0
0.0,0.0
0.0,0.0
0.0,-1.0
0.0833333333333333,0.5
0.0,0.0
0.0,0.25
0.0,0.0
0.0,0.0
0.0,0.0
0.0,0.0
0.0,0.0
0.0,0.25
0.0,0.3333333333333333
0.0,0.0
0.0,0.3333333333333333
0.0,0.0
0.0,0.5
0.0,0.0
0.0,0.0
0.0,0.3333333333333333
0.0833333333333333,0.25
0.0,1.0
0.0666666666666666,0.1666666666666666
0.0714285714285714,0.2
0.0,0.0
0.0,0.0
0.1111111111111111,0.0
0.0769230769230769,0.0
0.0,0.0
0.0,0.5
0.0,0.3333333333333333
0.0,0.5
0.0,0.0
0.0909090909090909,0.3333333333333333
0.0,0.6666666666666666
0.0,0.3333333333333333
0.0,0.0
0.0,1.0
0.0,1.0
0.0,0.0
0.0,0.0
0.0,0.3333333333333333
0.0,0.0
0.0,0.0
0.0,0.0
0.0,0.0
0.0,0.0
0.0,0.0
0.0,0.5
0.0,0.0
0.0,0.0
0.0,0.25
0.0,0.5
0.0714285714285714,0.2
0.0,0.0
0.0833333333333333,0.0
0.1,0.0
0.0,0.5
0.0,0.0
0.1,0.0
0.0,0.2
0.0,0.0
0.0,0.0
0.0,0.2
0.0,0.2
0.0,0.0
0.0,0.0
0.0,0.1666666666666666
0.0,0.0
0.0,0.0
0.0,0.25
0.0,0.0
0.0,0.0
0.0,0.0
0.0909090909090909,0.0
0.0666666666666666,0.0
0.0,0.0
0.0,0.0
0.0,0.0
0.0,0.0
0.0833333333333333,0.3333333333333333
0.0,0.3333333333333333
0.0,0.0
0.0,0.1428571428571428
0.0909090909090909,0.0
0.0909090909090909,0.3333333333333333
0.0,0.0
0.0769230769230769,0.0
0.0,0.25
0.0,0.0
0.0,0.5
0.0,0.0
0.0,0.0
0.1052631578947368,0.1428571428571428
0.0,0.25
0.0909090909090909,0.0
0.0,0.0
0.1,0.3333333333333333
0.1666666666666666,0.0
0.1111111111111111,0.0
0.0,0.5
0.0,0.0
0.0909090909090909,0.0
0.0,0.0
0.0909090909090909,0.0
0.0,0.0
0.0,0.3333333333333333
0.0909090909090909,0.3333333333333333
0.0,0.25
0.0,0.0
0.0,0.5
0.0,0.0
0.0,0.0
0.0769230769230769,0.0
0.0,0.0
0.0,0.3333333333333333
0.0,0.0
0.0,0.0
0.0,0.5
0.0,0.25
0.0,0.5
0.0833333333333333,0.3333333333333333
0.0,0.0
0.1,0.3333333333333333
0.0,0.0
0.0714285714285714,0.3333333333333333
0.0769230769230769,0.25
0.0,0.0
0.0,0.5
0.0,0.5
0.0,0.0
0.0,0.0
0.1333333333333333,0.2
0.0,0.0
0.0,0.5
0.0,0.0
0.0,0.3333333333333333
0.0,0.0
0.0,1.0
0.0909090909090909,0.25
0.0,0.0
0.1111111111111111,0.3333333333333333
0.1111111111111111,0.3333333333333333
0.0,0.0
0.0,0.0
0.0,0.0
0.0,0.0
0.0476190476190476,0.2
0.0,0.0
0.0,0.0
0.0909090909090909,0.0
0.0869565217391304,0.5
0.0666666666666666,0.0
0.0,0.5
0.0,0.25
0.2,1.0
0.0,0.5
0.0,0.3333333333333333
0.2857142857142857,0.5
0.1,0.5
0.0,0.0
0.0,0.5
0.0,0.0
0.0,0.5
0.0,0.0
0.0,0.0
0.0,0.0
0.0,0.5
0.0,0.0
0.0,0.0
0.0,0.5
0.0,0.3333333333333333
0.0,0.5
0.0,0.0
0.0,0.0
0.0,0.0
0.0,1.0
0.1428571428571428,0.0
0.0,0.0
0.0,0.5
0.0,1.0
0.0,1.0
0.1428571428571428,0.0
0.0,0.5
0.1666666666666666,0.5
0.0,1.0
0.125,0.5
0.0,0.0
0.0,0.5
0.25,0.5
0.0,0.5
0.0,0.5
0.125,0.0
0.0,0.0
0.0,0.3333333333333333
0.0,0.3333333333333333
0.0,0.3333333333333333
0.0,1.0
0.0,0.0
0.0,0.0
0.0,0.3333333333333333
0.0,0.0
0.0,1.0
0.0,0.5
0.0,0.5
0.1428571428571428,0.0
0.0,0.0
0.1428571428571428,1.0
0.0,-1.0
0.1666666666666666,0.0
0.0,1.0
0.0,1.0
0.0,0.0
0.0,0.5
0.0,0.5
0.0,0.0
0.0,0.0
0.0,0.5
0.0,0.0
0.25,1.0
0.1111111111111111,0.25
0.0,1.0
0.0,1.0
0.0,0.0
0.0,0.0
0.0,0.0
0.0,1.0
0.0,-1.0
0.0,0.0
0.1111111111111111,0.5
0.0,0.5
0.0,0.0
0.0,1.0
0.0,0.5
0.0,1.0
0.0,1.0
0.0,1.0
0.0,1.0
0.0,1.0
0.0,1.0
0.2222222222222222,0.0
0.0,1.0
0.1666666666666666,0.5
0.0,0.3333333333333333
0.0,1.0
0.0,0.5
0.0,0.5
0.0,0.5
0.0,0.0
0.0,1.0
0.0,1.0
0.0,1.0
0.0,-1.0
0.0,-1.0
0.0,0.5
0.0,0.0
0.1428571428571428,1.0
0.0,0.0
0.0,0.3333333333333333
0.0,0.0
0.0,0.0
0.1111111111111111,0.0
0.0909090909090909,2.0
0.1,0.0
0.0,0.0
0.0,0.0
0.1111111111111111,0.0
0.0,0.5
0.0,0.5
0.0,0.6666666666666666
0.1111111111111111,0.0
0.2222222222222222,0.5
0.1111111111111111,0.0
0.1,0.0
0.0833333333333333,0.0
0.1,0.0
0.0,0.0
0.0909090909090909,0.0
0.1428571428571428,0.0
0.1428571428571428,0.0
0.0,0.0
0.0,0.3333333333333333
0.0,0.3333333333333333
0.0,0.3333333333333333
0.0,0.0
0.1,0.0
0.0,1.0
0.0,1.0
0.125,0.3333333333333333
0.0,0.5
0.0588235294117647,0.3333333333333333
0.0833333333333333,0.0
0.0,0.5
0.0,0.3333333333333333
0.0,0.5
0.0,1.0
0.125,0.5
0.0,0.0
0.1,0.3333333333333333
0.0833333333333333,0.5
0.0,0.25
0.0,0.0
0.0769230769230769,0.0
0.0,0.3333333333333333
0.0,0.0
0.0,0.0
0.0,0.3333333333333333
0.0,0.0
0.0,0.25
0.0,0.3333333333333333
0.0,1.0
0.0,0.0
0.0,0.25
0.0,0.0
0.0,0.0
0.0,0.3333333333333333
0.0,0.0
0.0,0.3333333333333333
0.1,0.0
0.0,0.5
0.125,0.5
0.0,0.5
0.0,0.5
0.0,0.5
0.0,0.5
0.1666666666666666,0.0
0.1666666666666666,0.0
0.0,0.0
0.125,0.0
0.1,0.0
0.1,0.0
0.1818181818181818,0.0
0.0,0.0
0.0,0.0
0.0909090909090909,0.25
0.1,0.25
0.0,0.0
0.0,1.0
0.0,0.0
0.1428571428571428,0.0
0.0833333333333333,0.0
0.0,0.3333333333333333
0.0,0.0
0.0,0.0
0.125,0.0
0.1,0.3333333333333333
0.0,0.0
0.0909090909090909,0.25
0.0,0.0
0.1,0.0
0.0,0.0
0.0,0.0
0.0,0.0
0.0,0.0
0.0,0.0
0.0,0.0
0.0,0.0
0.0,0.0
0.0,0.0
0.0,1.0
0.0,0.0
0.0,0.0
0.0,0.0
0.0,0.0
0.0,0.0
0.0909090909090909,0.5
0.0,0.0
0.0,0.5
0.0,0.5
0.1111111111111111,0.5
0.0476190476190476,0.2
0.0909090909090909,0.0
0.0909090909090909,0.3333333333333333
0.0476190476190476,0.1666666666666666
0.0,0.0
0.0909090909090909,0.5
0.0833333333333333,0.5
0.05,0.0
0.1111111111111111,0.3333333333333333
0.1538461538461538,0.0
0.0666666666666666,0.0
0.0,0.3333333333333333
0.0625,0.75
0.0,0.0
0.0,0.1666666666666666
0.0,0.0
0.0,0.0
0.1111111111111111,0.5
0.0,0.0
0.1052631578947368,0.2
0.074074074074074,0.2
0.0588235294117647,0.3333333333333333
0.1052631578947368,0.25
0.0,0.3333333333333333
0.0666666666666666,0.3333333333333333
0.1,0.3333333333333333
0.0909090909090909,0.5
0.0,0.5
0.0769230769230769,0.0
0.0909090909090909,0.3333333333333333
0.0476190476190476,0.25
0.0,0.5
0.0666666666666666,0.2
0.0714285714285714,0.0
0.0,0.0
0.0,0.25
0.0,0.2
0.0,1.0
0.0,0.0
0.05,0.25
0.0,0.0
0.0,0.25
0.0714285714285714,0.0
0.0,0.0
0.0,1.3333333333333333
0.0,1.3333333333333333
0.0,0.5
0.0,0.0
0.0,0.0
0.0476190476190476,0.0
0.0666666666666666,1.0
0.0,0.5
0.0909090909090909,0.5
0.0,0.0
0.0,0.0
0.0,0.0
0.0,0.0
0.0,0.5
0.1,0.5
0.0,0.0
0.0,0.0
0.0909090909090909,0.0
0.0,1.0
0.0,1.0
0.0,1.0
0.0,0.0
0.0909090909090909,0.25
0.0,0.0
0.0,0.3333333333333333
0.0909090909090909,0.0
0.0,0.0
0.0,0.0
0.0714285714285714,0.0
0.0666666666666666,0.0
0.0,0.0
0.0909090909090909,0.0
0.0,0.1428571428571428
0.0,0.0
0.0,0.25
0.0,0.5
0.0476190476190476,0.1666666666666666
0.0,1.0
0.0,0.0
0.0714285714285714,0.25
0.1428571428571428,0.0
0.0625,0.3333333333333333
0.0,0.25
0.0,0.0
0.0909090909090909,0.2
0.0,0.5
0.0,0.3333333333333333
0.0,0.0
0.0666666666666666,0.0
0.0,1.0
0.0769230769230769,0.25
0.1,0.2857142857142857
0.0625,0.2
0.0,1.0
0.0,0.0
0.0,0.1666666666666666
0.0,0.25
0.0,0.5
0.0,0.0
0.0555555555555555,0.0
0.1111111111111111,0.3333333333333333
0.0714285714285714,0.25
0.0714285714285714,0.25
0.0769230769230769,0.0
0.0,0.0
0.0,0.0
0.0,0.0
0.0,0.0
0.125,0.0
0.0,0.5
0.0,0.0
0.0,1.0
0.0,0.0
0.0,0.2
0.0,0.0
0.0,0.0
0.0,0.0
0.0,0.3333333333333333
0.0,0.0
0.0,0.5
0.0,0.0
0.0,0.0
0.0769230769230769,0.2
0.0,0.5
0.0769230769230769,0.2
0.0,0.0
0.0,0.2
0.0,0.125
0.0,0.0
0.0,0.5
0.0,0.0
0.0714285714285714,0.0
0.0769230769230769,0.0
0.0769230769230769,0.3333333333333333
0.0,0.5
0.0,0.0
0.0833333333333333,0.25
0.0,0.0
0.0,0.0
0.0,0.5
0.0,0.0
0.0,0.0
0.0833333333333333,0.3333333333333333
0.0,0.0
0.0,0.5
0.0,0.3333333333333333
0.0,0.3333333333333333
0.0,0.0
0.0,1.0
0.0666666666666666,0.25
0.0,0.0
0.0,0.0
0.0,0.0
0.0,0.0
0.1176470588235294,0.25
0.0,0.3333333333333333
0.0,0.5
0.125,0.5
0.0909090909090909,0.5
0.0,1.0
0.0,0.0
0.0,0.6666666666666666
0.1,0.5
0.0,0.3333333333333333
0.1,0.5
0.0,0.0
0.0,0.0
0.0,0.3333333333333333
0.0769230769230769,0.6666666666666666
0.0,0.0
0.0,0.5
0.0909090909090909,0.0
0.0,0.3333333333333333
0.0,0.3333333333333333
0.0,0.5
0.0,0.0
0.0,0.5
0.0,0.5
0.0833333333333333,0.25
0.0,0.25
0.0,0.0
0.0,0.5
0.1428571428571428,0.25
0.0,0.0
0.0,1.0
0.0625,0.0
0.0,0.3333333333333333
0.0,0.0
0.2727272727272727,0.3333333333333333
0.0,1.0
0.1111111111111111,0.5
0.0666666666666666,0.25
0.0,0.3333333333333333
0.0,0.3333333333333333
0.0,0.0
0.0666666666666666,0.2
0.0,0.0
0.0,0.0
0.1,0.25
0.0,0.0
0.0,0.0
0.0,0.5
0.0,0.0
0.0,0.0
0.0,0.0
0.0,0.3333333333333333
0.0,0.0
0.0769230769230769,0.3333333333333333
0.0,0.0
0.0666666666666666,0.6666666666666666
0.0,1.0
0.0,0.3333333333333333
0.0625,0.5
0.0,0.1666666666666666
0.04,0.1428571428571428
0.0,0.0
0.0909090909090909,0.0
0.0,0.2
0.0,0.0
0.0833333333333333,0.0
0.1666666666666666,0.3333333333333333
0.0714285714285714,0.0
0.0,0.3333333333333333
0.0,0.3333333333333333
0.0,0.25
0.0,0.0
0.0,0.25
0.0,0.3333333333333333
0.0,0.0
0.0,0.0
0.0,0.3333333333333333
0.0,0.0
0.0769230769230769,0.0
0.0,0.0
0.0769230769230769,0.0
0.0,1.0
0.0833333333333333,0.25
0.0625,0.2
0.0,0.0
0.1,0.0
0.0,0.0
0.0,0.3333333333333333
0.0,0.0
0.0,1.0
0.0,0.25
0.0909090909090909,0.0
0.1111111111111111,0.3333333333333333
0.1428571428571428,0.25
0.1111111111111111,0.0
0.0769230769230769,0.3333333333333333
0.0,0.0
0.125,0.5
0.0909090909090909,0.3333333333333333
0.125,0.5
0.0,0.0
0.0833333333333333,0.0
0.0,0.25
0.0,0.1666666666666666
0.0833333333333333,0.25
0.0,0.5
0.1111111111111111,0.3333333333333333
0.0,0.5
0.0909090909090909,0.3333333333333333
0.0,0.0
0.0,0.5
0.0,0.0
0.0,0.5
0.0,0.0
0.0,0.0
0.0,0.5
0.0,0.5
0.0,0.0
0.0,0.3333333333333333
0.0,0.0
0.0,1.0
0.0,0.25
0.0909090909090909,0.0
0.0,0.0
0.0434782608695652,0.5
0.0,0.5
0.0,0.0
0.1111111111111111,0.0
0.0,0.0
0.0,0.0
0.1,0.0
0.0,0.0
0.0,0.0
0.0769230769230769,0.0
0.0,0.0
0.0,1.0
0.0,1.0
0.0,0.0
0.0,0.0
0.0,0.0
0.1,0.0
0.0,0.6666666666666666
0.0,0.25
0.0,0.3333333333333333
0.0,0.0
0.0,1.0
0.0,-1.0
0.0,0.3333333333333333
0.0,0.2
0.125,0.5
0.0,0.0
0.0,0.0
0.0909090909090909,0.0
0.0,0.0
0.0,0.5
0.0,0.3333333333333333
0.0,0.5
0.0,0.0
0.0,0.25
0.0,0.25
0.0,0.1666666666666666
0.0588235294117647,0.0
0.1875,0.0
0.0,0.5
0.0,-1.0
0.0,0.5
0.0,0.0
0.0,0.0
0.0,0.0
0.0,0.0
0.0,0.0
0.0,0.3333333333333333
0.0,0.0
0.0,0.0
0.0,0.5
0.0,0.5
0.0,1.0
0.0555555555555555,0.5
0.0,0.0
0.0769230769230769,0.0
0.0,0.3333333333333333
0.0,0.0
0.0,0.5
0.0909090909090909,0.0
0.1111111111111111,0.5
0.0,0.0
0.0,0.5
0.0769230769230769,0.0
0.0555555555555555,0.25
0.0,1.0
0.0,0.0
0.0,0.0
0.0,0.0
0.1111111111111111,0.5
0.0,0.3333333333333333
0.0,0.5
0.0,0.5
0.0,0.0
0.0,0.0
0.125,0.0
0.0909090909090909,0.0
0.0833333333333333,0.25
0.0,0.0
0.125,0.5
0.0,0.0
0.0909090909090909,0.0
0.1052631578947368,0.6666666666666666
0.0,0.5
0.0,0.6666666666666666
0.0,0.0
0.0,0.2
0.0,0.0
0.0,0.5
0.0,0.3333333333333333
0.0833333333333333,0.5
0.0,0.3333333333333333
0.0,0.3333333333333333
0.0,0.0
0.0,0.0
0.0,0.25
0.0526315789473684,0.25
0.0909090909090909,0.3333333333333333
0.0909090909090909,0.0
0.0,0.0
0.0,0.5
0.0,0.0
0.0833333333333333,0.5
0.0,1.0
0.1,0.0
0.0909090909090909,0.0
0.0833333333333333,0.5
0.1,0.0
0.0,1.0
0.0714285714285714,0.5
0.0,0.0
0.0,0.5
0.0,0.0
0.0833333333333333,0.5
0.0,0.0
0.0,0.0
0.0,0.0
0.0,0.3333333333333333
0.1666666666666666,0.3333333333333333
0.0,2.0
0.0,0.0
0.0,0.3333333333333333
0.0,0.0
0.0,0.5
0.0,1.0
0.0,0.0
0.0909090909090909,0.3333333333333333
0.0,0.5
0.0769230769230769,0.0
0.125,0.3333333333333333
0.0,0.0
0.1111111111111111,1.0
0.0769230769230769,0.0
0.0,1.0
0.0,0.0
0.0,0.3333333333333333
0.0,1.0
0.0,1.0
0.0,0.0
0.0,0.3333333333333333
0.0,1.0
0.0,0.0
0.0,0.5
0.0833333333333333,0.5
0.0,0.0
0.2,0.3333333333333333
0.125,0.3333333333333333
0.0,0.0
0.0,0.0
0.0,0.3333333333333333
0.0,0.3333333333333333
0.0,0.3333333333333333
0.1818181818181818,0.3333333333333333
0.0833333333333333,0.5
0.0909090909090909,0.3333333333333333
0.0,0.3333333333333333
0.0,0.0
0.0,0.0
0.0,0.3333333333333333
0.0,0.5
0.0,0.5
0.0909090909090909,0.5
0.0,0.5
0.0,0.1666666666666666
0.0,0.5
0.0,0.0
0.0,1.0
0.0,0.0
0.0,0.0
0.0,0.3333333333333333
0.0666666666666666,0.0
0.0,0.0
0.0,0.25
0.0,0.5
0.0,1.0
0.0,0.25
0.0,0.5
0.0666666666666666,0.2
0.1111111111111111,0.25
0.0,0.1666666666666666
0.0833333333333333,0.25
0.0769230769230769,0.5
0.0,0.25
0.0,0.5
0.0,1.0
0.0526315789473684,0.1428571428571428
0.0,0.25
0.0,0.1666666666666666
0.0,0.0
0.0,0.0
0.1428571428571428,0.5
0.0,0.5
0.0,0.5
0.1428571428571428,0.5
0.2222222222222222,0.5
0.0,0.3333333333333333
0.0,0.125
0.0,0.5
0.064516129032258,0.0
0.1111111111111111,0.0
0.0555555555555555,0.1666666666666666
0.0,0.3333333333333333
0.0,0.5
0.2,1.0
0.0,0.0
0.0,0.0
0.0,0.1666666666666666
0.0833333333333333,0.5
0.1428571428571428,0.2
0.0,0.25
0.0769230769230769,0.2
0.1428571428571428,1.0
0.0714285714285714,0.5
0.0,0.3333333333333333
0.0,0.5
0.15,0.2
0.0,0.3333333333333333
0.1333333333333333,0.25
0.0,0.3333333333333333
0.0,1.0
0.0,0.5
0.0,0.3333333333333333
0.0,1.0
0.0,1.0
0.0416666666666666,0.25
0.0,0.25
0.03125,0.1
0.0,1.0
0.1,0.5
0.1666666666666666,1.0
0.1,0.1666666666666666
0.0,0.5
0.0,0.5
0.0,-1.0
0.0,2.0
0.0,0.5
0.0909090909090909,0.3333333333333333
0.0,1.0
0.0952380952380952,0.2
0.0,0.5
0.0,0.3333333333333333
0.0,0.0
0.0,0.0
0.0,0.0
0.0,0.0
0.0,0.25
0.0,0.3333333333333333
0.0,0.0
0.0833333333333333,0.5
0.0,0.3333333333333333
0.0,0.5
0.0769230769230769,0.25
0.0666666666666666,0.3333333333333333
0.0714285714285714,0.2
0.0,0.5
0.0,0.5
0.0,0.2
0.1,0.5
0.0,0.0
0.0,0.0
0.1,0.3333333333333333
0.1111111111111111,0.5
0.1,0.3333333333333333
0.05,0.0
0.0,0.3333333333333333
0.0666666666666666,0.0
0.0,0.0
0.0,0.0
0.0,0.0
0.1176470588235294,0.25
0.0769230769230769,0.25
0.0,0.0
0.0,0.0
0.0,0.0
0.0,0.5
0.0769230769230769,0.0
0.1538461538461538,0.0
0.0,0.0
0.0769230769230769,0.3333333333333333
0.0,0.0
0.0,0.5
0.0,0.5
0.05,0.0
0.0,0.5
0.0,0.0
0.0,0.0
0.0,0.0
0.1,0.5
0.0,0.2
0.0,0.0
0.0,0.0
0.0,0.0
0.0909090909090909,0.0
0.1111111111111111,0.5
0.25,0.5
0.0,0.0
0.0,0.5
0.0,0.0
0.0,0.5
0.0,0.1666666666666666
0.0,0.25
0.0,0.3333333333333333
0.0,0.0
0.0,0.0
0.0666666666666666,0.1428571428571428
0.1176470588235294,0.0
0.0909090909090909,0.25
0.0,0.0
0.0,0.0
0.0,0.3333333333333333
0.0,0.0
0.0,0.0
0.0,0.0
0.0,0.0
0.0,0.0
0.0,0.0
0.0,0.0
0.0,0.0
0.0,0.0
0.0,0.0
0.0,0.0
0.0,0.0
0.0,0.0
0.0,0.0
0.0,0.0
0.0,0.1666666666666666
0.1,0.1428571428571428
0.0,0.0
0.0,0.0
0.0,0.0
0.0,0.0
0.0,0.0
0.0,0.0
0.0,0.0
0.0,0.0
0.0,0.0
0.0,0.0
0.0,0.0
0.0,0.0
0.0,0.0
0.0,0.5
0.0,0.0
0.0,0.0
0.0,0.0
0.0,0.0
0.0,0.0
0.0,0.25
0.0,0.0
0.0555555555555555,0.2
0.0,0.0
0.0,0.2
0.0,0.0
0.0,0.0
0.0,0.0
0.0769230769230769,0.0
0.0,0.0
0.0,0.3333333333333333
0.0,0.0
0.0,0.0
0.0769230769230769,0.1666666666666666
0.0,0.3333333333333333
0.0,0.0
0.0555555555555555,0.5
0.0769230769230769,0.0
0.0,0.1666666666666666
0.125,0.0
0.0,0.0
0.125,0.1428571428571428
0.0,0.0
0.0769230769230769,0.25
0.0,0.3333333333333333
0.0,0.0
0.1111111111111111,0.0
0.1,0.0
0.0,0.0
0.0769230769230769,0.3333333333333333
0.1,0.3333333333333333
0.1818181818181818,0.0
0.1111111111111111,0.0
0.125,0.25
0.125,0.0
0.0,0.0
0.0,0.0
0.0909090909090909,0.0
0.0909090909090909,0.0
0.0769230769230769,0.0
0.1,0.0
0.2222222222222222,0.0
0.0,0.0
0.0,0.0
0.0,0.0
0.0,0.2
0.0,0.25
0.0,0.2
0.1,0.0
0.0,0.0
0.1,0.5
0.0769230769230769,0.25
0.0769230769230769,0.0
0.0,0.0
0.0769230769230769,0.2
0.0,0.0
0.0769230769230769,0.2
0.0,0.0
0.0,0.0
0.0,0.0
0.0,0.0
0.0,0.0
0.1666666666666666,0.1666666666666666
0.0,0.0
0.0769230769230769,0.0
0.0,0.5
0.0,0.0
0.0,0.2
0.1111111111111111,0.3333333333333333
0.0,0.0
0.0,0.0
0.0,0.0
0.0,0.3333333333333333
0.0,0.0
0.0,0.0
0.0,0.25
0.0,0.3333333333333333
0.1111111111111111,0.0
0.0769230769230769,0.0
0.0,0.1428571428571428
0.0,0.3333333333333333
0.0,0.25
0.0,0.3333333333333333
0.0,0.0
0.0,0.2
0.0,0.0
0.0666666666666666,0.0
0.1111111111111111,0.3333333333333333
0.0,0.0
0.0,0.3333333333333333
0.25,0.2
0.0,0.3333333333333333
0.0,0.5
0.0,0.0
0.0833333333333333,0.3333333333333333
0.0588235294117647,0.0
0.0,0.2
0.0,0.0
0.0,0.2
0.0,0.0
0.0,0.0
0.0,0.25
0.0,0.0
0.0,0.0
0.0,0.0
0.0,0.0
0.0,0.0
0.0,0.5
0.0,0.0
0.0,0.25
0.0588235294117647,0.0
0.0625,0.0
0.0833333333333333,0.0
0.1,0.25
0.0833333333333333,0.25
0.0,0.0
0.0714285714285714,0.0
0.0,0.0
0.0,0.2
0.0,0.0
0.0,0.0
0.0,0.3333333333333333
0.0,0.3333333333333333
0.0,0.2
0.0,0.0
0.0,0.0
0.0714285714285714,0.2
0.0,0.0
0.0,0.0
0.0,0.0
0.0,0.2
0.0,0.0
0.0,0.3333333333333333
0.0,0.2
0.0,0.0
0.0,0.0
0.0,0.0
0.0,0.0
0.0833333333333333,0.5
0.0952380952380952,0.0
0.0,0.0
0.0909090909090909,0.3333333333333333
0.0,0.0
0.0,0.0
0.0,1.0
0.0714285714285714,0.0
0.0,0.25
0.125,0.0
0.0909090909090909,0.5
0.1176470588235294,0.6666666666666666
0.0,0.3333333333333333
0.0,0.3333333333333333
0.0909090909090909,0.5
0.0,0.3333333333333333
0.0,0.0
0.0,0.0
0.0,0.5
0.0,0.0
0.0769230769230769,0.2
0.0,0.0
0.0,0.0
0.125,0.25
0.1111111111111111,0.0
0.1111111111111111,0.0
0.0555555555555555,0.0
0.0,0.0
0.0,0.0
0.0,0.25
0.0,0.0
0.0666666666666666,0.0
0.0909090909090909,0.3333333333333333
0.0,0.0
0.0666666666666666,0.2
0.0,0.5
0.1111111111111111,0.5
0.0,0.0
0.0,0.25
0.125,0.3333333333333333
0.0,0.3333333333333333
0.0,0.5
0.0,0.0
0.0,0.3333333333333333
0.0,0.0
0.0909090909090909,0.25
0.125,0.0
0.0,0.25
0.0,0.5
0.0,0.0
0.0,0.0
0.0,0.0
0.0,0.3333333333333333
0.1111111111111111,0.5
0.1666666666666666,0.25
0.1,0.5
0.1111111111111111,0.2
0.0,0.0
0.0,0.3333333333333333
0.0,0.0
0.1428571428571428,0.3333333333333333
0.0,0.0
0.0,0.0
0.0,0.0
0.0,0.3333333333333333
0.0,0.0
0.0714285714285714,0.0
0.0,0.3333333333333333
0.0,0.0
0.0,0.0
0.0,0.0
0.0555555555555555,0.25
0.0,0.5
0.0,0.3333333333333333
0.0625,0.1666666666666666
0.0,0.3333333333333333
0.0,0.0
0.0,0.0
0.1333333333333333,0.25
0.1538461538461538,0.3333333333333333
0.0,0.0
0.0,0.0
0.0,0.0
0.0666666666666666,0.0
0.0,0.0
0.0,0.0
0.0,0.0
0.0,0.0
0.0,0.0
0.0,0.0
0.0,0.0
0.0454545454545454,0.0
0.0,0.5
0.0,0.25
0.0,0.0
0.0526315789473684,0.3333333333333333
0.0,0.0
0.0,0.0
0.0,0.0
0.0,0.0
0.0,0.0
0.0,0.3333333333333333
0.0,0.6666666666666666
0.0,0.3333333333333333
0.0,0.25
0.0,0.6666666666666666
0.0,0.0
0.0,0.0
0.0,0.0
0.0,0.5
0.0,0.0
0.1111111111111111,0.6666666666666666
0.0833333333333333,0.0
0.125,0.25
0.0,0.25
0.0,0.5
0.0,0.5
0.0833333333333333,0.25
0.0,0.3333333333333333
0.0769230769230769,0.0
0.0,0.3333333333333333
0.0,0.0
0.0,0.3333333333333333
0.0,0.0
0.0,0.0
0.0833333333333333,0.25
0.0,0.0
0.0,0.5
0.1,0.0
0.0,1.0
0.0,0.0
0.0,0.0
0.0,0.0
0.0,0.3333333333333333
0.0769230769230769,0.25
0.0,0.1666666666666666
0.0,0.0
0.0,0.2
0.0,1.0
0.0526315789473684,0.25
0.0,0.25
0.0,0.5
0.08,0.2
0.125,0.25
0.0,0.0
0.0,0.0
0.04,0.1111111111111111
0.1111111111111111,0.3333333333333333
0.0909090909090909,0.0
0.0,0.0
0.0,0.0
0.0,0.0
0.0,0.3333333333333333
0.0,0.3333333333333333
0.0,0.0
0.0,0.0
0.0,0.0
0.0,0.4
0.0,0.0
0.0,0.5
0.1111111111111111,0.0
0.0,0.3333333333333333
0.0588235294117647,0.25
0.0,0.5
0.0666666666666666,0.0
0.0,0.3333333333333333
0.0,0.3333333333333333
0.0,1.0
0.0,0.3333333333333333
0.0555555555555555,0.3333333333333333
0.0,0.3333333333333333
0.0588235294117647,0.25
0.0769230769230769,0.0
0.0,0.5
0.0,0.5
0.0,0.5
0.0,0.0
0.0666666666666666,0.25
0.0,0.3333333333333333
0.0769230769230769,0.0
0.1111111111111111,0.0
0.0,0.3333333333333333
0.0,0.0
0.0909090909090909,0.3333333333333333
0.0,0.0
0.0625,0.0
0.0,0.0
0.0,0.0
0.0,0.5
0.0,0.0
0.1,0.5
0.0555555555555555,0.0
0.1818181818181818,0.5
0.0,0.5
0.0588235294117647,0.0
0.0,0.0
0.0,0.0
0.0,0.0
0.0,0.5
0.0,0.3333333333333333
0.0,0.0
0.0555555555555555,0.0
0.0,0.0
0.0,0.0
0.0,0.5
0.0,0.25
0.0,0.25
0.125,0.3333333333333333
0.0,0.0
0.0,0.25
0.0,0.0
0.0,0.5
0.0,0.0
0.0,0.0
0.0,0.2
0.0,0.3333333333333333
0.0,0.0
0.0,0.3333333333333333
0.0,0.2
0.0625,0.2
0.0,0.3333333333333333
0.0,0.2
0.0,0.25
0.0,0.25
0.0909090909090909,0.25
0.0,0.0
0.1,0.5
0.0,0.0
0.1428571428571428,0.25
0.0,0.125
0.0,0.0
0.1,0.3333333333333333
0.1428571428571428,0.5
0.0,0.5
0.0,0.0
0.0,0.3333333333333333
0.1111111111111111,2.0
0.0,0.3333333333333333
0.0,0.5
0.0,0.0
0.0,0.0
0.0,0.0
0.0,0.0
0.0,0.25
0.0,0.3333333333333333
0.0,0.5
0.0,0.2
0.0,0.3333333333333333
0.0,0.5
0.0,0.0
0.0,0.2
0.0,1.0
0.0,0.0
0.0909090909090909,0.5
0.0714285714285714,0.3333333333333333
0.0714285714285714,0.3333333333333333
0.0,1.0
0.0,0.0
0.0909090909090909,0.0
0.0833333333333333,0.0
0.0,1.0
0.0434782608695652,0.1666666666666666
0.0,0.2
0.0,0.0
0.0,0.3333333333333333
0.0833333333333333,0.3333333333333333
0.0,0.25
0.0,0.0
0.0,0.3333333333333333
0.0,0.0
0.0,0.3333333333333333
0.0666666666666666,0.0
0.0,0.0
0.0,0.0
0.0,0.0
0.0,0.25
0.0,0.0
0.0,0.25
0.0769230769230769,0.0
0.0,0.5
0.0,0.25
0.0,0.0
0.0,0.3333333333333333
0.1,0.3333333333333333
0.0,0.0
0.0,0.0
0.0,0.5
0.0714285714285714,0.3333333333333333
0.0,0.5
0.0588235294117647,0.0
0.0769230769230769,0.0
0.0526315789473684,0.5
0.0,0.3333333333333333
0.1111111111111111,0.25
0.0666666666666666,1.0
0.0588235294117647,0.2
0.1111111111111111,0.5
0.0833333333333333,0.3333333333333333
0.0,0.0
0.0,0.5
0.0,0.3333333333333333
0.0,0.25
0.0,0.3333333333333333
0.0,0.3333333333333333
0.0,0.3333333333333333
0.0,0.3333333333333333
0.0,0.25
0.0909090909090909,0.5
0.0,0.3333333333333333
0.0769230769230769,0.1111111111111111
0.0952380952380952,0.1428571428571428
0.0,1.0
0.0714285714285714,0.1666666666666666
0.0,0.5
0.0,0.5
0.0,0.0
0.0,0.6666666666666666
0.0,0.5
0.0,0.0
0.0,0.25
0.1111111111111111,0.1666666666666666
0.1111111111111111,0.5
0.0,0.0
0.0555555555555555,0.0
0.0,0.5
0.0,0.5
0.0,1.0
0.0,0.0
0.0,0.2
0.0,0.3333333333333333
0.0,0.25
0.1111111111111111,0.0
0.0,0.25
0.0,0.25
0.1,0.25
0.0,0.3333333333333333
0.0,0.3333333333333333
0.0,0.0
0.0,0.3333333333333333
0.0,0.6666666666666666
0.0,0.3333333333333333
0.0,0.5
0.0,0.3333333333333333
0.0,0.3333333333333333
0.0769230769230769,1.0
0.0,0.25
0.0,0.5
0.0,0.25
0.0,0.0
0.0,0.0
0.0,0.25
0.0,1.0
0.1111111111111111,0.1666666666666666
0.0,1.0
0.125,0.0
0.0,0.25
0.0,0.6666666666666666
0.0,0.0
0.0,1.0
0.0454545454545454,0.4
0.0,0.5
0.0,1.0
0.0,0.0
0.0,1.0
0.0,0.3333333333333333
0.0666666666666666,0.0
0.0,0.3333333333333333
0.1111111111111111,0.5
0.0714285714285714,0.0
0.0833333333333333,0.0
0.0,0.25
0.1,0.3333333333333333
0.0,0.25
0.0,0.5
0.0,0.0
0.0,0.0
0.0769230769230769,0.25
0.0526315789473684,0.2
0.1111111111111111,0.3333333333333333
0.0,0.3333333333333333
0.0833333333333333,0.6666666666666666
0.0,0.75
0.0,0.0
0.0714285714285714,0.0
0.0,0.0
0.0,0.75
0.0,0.0
0.0,0.0
0.0,0.0
0.0,0.0
0.0,0.0
0.0,0.0
0.0,0.5
0.0,0.0
0.0833333333333333,0.25
0.0,0.0
0.0,0.0
0.2,0.0
0.0,0.3333333333333333
0.0,0.25
0.0,0.0
0.0,0.3333333333333333
0.0,0.3333333333333333
0.0769230769230769,0.25
0.0909090909090909,0.0
0.1428571428571428,0.5
0.0769230769230769,1.0
0.0909090909090909,0.0
0.1764705882352941,0.2
0.0,0.5
0.0,0.0
0.0,0.5
0.0,0.25
0.0,0.0
0.0588235294117647,0.0
0.0666666666666666,0.25
0.1538461538461538,0.0
0.2,0.0
0.0,0.0
0.0,0.0
0.0,0.3333333333333333
0.0,0.0
0.0714285714285714,0.25
0.0,0.0
0.0,0.0
0.0,0.0
0.0769230769230769,0.0
0.0909090909090909,0.0
0.0,0.0
0.0,0.0
0.0,0.2
0.0833333333333333,0.3333333333333333
0.0,0.0
0.0,0.5
0.0,0.0
0.0,0.0
0.0833333333333333,0.0
0.0,0.5
0.0,0.0
0.0526315789473684,0.1111111111111111
0.0,0.0
0.0,0.0
0.0,0.0
0.1818181818181818,0.0
0.0,0.0
0.1666666666666666,0.0
0.0,0.5
0.0,0.0
0.0,0.0
0.0769230769230769,0.25
0.0,0.3333333333333333
0.1428571428571428,1.0
0.0625,0.0
0.0666666666666666,0.0
0.0909090909090909,0.0
0.0909090909090909,0.0
0.0909090909090909,0.0
0.0,0.0
0.0909090909090909,0.25
0.0,0.0
0.0,0.0
0.0,0.1666666666666666
0.1111111111111111,0.2
0.1538461538461538,0.25
0.1,0.0
0.0,0.25
0.0,0.0
0.0,0.0
0.0,0.0
0.0833333333333333,0.3333333333333333
0.0,0.0
0.0,0.0
0.0909090909090909,0.0
0.0909090909090909,0.0
0.1363636363636363,0.1428571428571428
0.0909090909090909,0.0
0.0,0.0
0.0769230769230769,0.0
0.0714285714285714,0.3333333333333333
0.1538461538461538,0.3333333333333333
0.0,0.0
0.1538461538461538,0.0
0.1333333333333333,0.0
0.0588235294117647,0.0
0.0588235294117647,0.0
0.0,0.0
0.0625,0.0
0.0,0.0
0.0,0.0
0.0,0.0
0.0,0.2
0.0,0.0
0.0,0.0
0.1,0.0
0.0909090909090909,0.0
0.2222222222222222,0.0
0.1,0.0
0.1764705882352941,0.2
0.0,0.0
0.0666666666666666,0.2
0.0909090909090909,0.25
0.0,0.5
0.0,0.5
0.0,0.0
0.0,0.0
0.1111111111111111,0.0
0.1111111111111111,0.0
0.0909090909090909,0.25
0.0,0.0
0.0,0.0
0.0,0.0
0.0,0.0
0.0,1.0
0.0588235294117647,0.2
0.0909090909090909,0.25
0.0,0.2
0.1111111111111111,0.3333333333333333
0.0,0.3333333333333333
0.0,0.0
0.0,0.5
0.1111111111111111,0.3333333333333333
0.0,0.0
0.0,0.0
0.0,0.0
0.0909090909090909,0.0
0.0909090909090909,0.3333333333333333
0.0625,0.3333333333333333
0.0833333333333333,0.0
0.0,0.0
0.0588235294117647,0.4
0.0,0.0
0.0625,0.3333333333333333
0.0,0.0
0.0,0.0
0.0,0.0
0.0,0.0
0.0,0.0
0.0,0.0
0.0,0.3333333333333333
0.0,0.0
0.0,0.0
0.0,0.0
0.0,0.2
0.0,0.1666666666666666
0.0,0.0
0.0,0.0
0.0,0.0
0.1428571428571428,0.5
0.0,0.5
0.0,1.0
0.0833333333333333,0.3333333333333333
0.0,0.5
0.0,0.0
0.0,0.0
0.0,0.0
0.0,1.0
0.0,0.0
0.0,0.0
0.1,0.3333333333333333
0.0,0.0
0.0,0.3333333333333333
0.0,0.0
0.0,0.3333333333333333
0.0,0.3333333333333333
0.0,0.5
0.0,0.5
0.0,0.0
0.0,0.0
0.0,0.0
0.0,0.0
0.0,0.3333333333333333
0.0,0.0
0.125,0.25
0.0,0.3333333333333333
0.0,0.3333333333333333
0.0,0.0
0.0,0.0
0.0,0.0
0.0,0.5
0.0,0.0
0.0,0.2
0.0,0.3333333333333333
0.0,0.0
0.0,0.0
0.0,0.0
0.0,0.0
0.0,0.0
0.0,0.0
0.0,0.0
0.0,0.3333333333333333
0.0,0.0
0.0,0.25
0.0,0.0
0.0,0.0
0.0,0.2
0.0,0.0
0.0,0.5
0.0,0.0
0.1111111111111111,0.3333333333333333
0.0,0.0
0.125,0.0
0.0,0.5
0.0833333333333333,0.0
0.0,0.0
0.0833333333333333,0.0
0.0,1.0
0.0,0.3333333333333333
0.0,0.0
0.0,0.0
0.0,0.0
0.0,0.3333333333333333
0.0,0.0
0.0,-1.0
0.0,0.0
0.0,0.0
0.0,0.3333333333333333
0.0,0.25
0.0,0.0
0.0,0.0
0.0833333333333333,0.2
0.0,0.0
0.0,0.3333333333333333
0.0,0.0
0.0,0.0
0.0,0.3333333333333333
0.0,0.0
0.0,0.0
0.0,0.3333333333333333
0.0,0.0
0.0,0.0
0.0,0.0
0.0,0.0
0.0,2.0
0.0,-1.0
0.0,0.25
0.0,0.0
0.1,0.3333333333333333
0.0,0.3333333333333333
0.0,1.0
0.0,0.0
0.0,0.0
0.0,0.5
0.1666666666666666,0.0
0.0,0.5
0.0,0.25
0.0,0.0
0.0,0.0
0.0,0.5
0.0833333333333333,0.0
0.0,0.5
0.1111111111111111,0.3333333333333333
0.0,0.5
0.0,0.0
0.0,0.3333333333333333
0.0,0.3333333333333333
0.0,0.0
0.0,0.0
0.0,0.0
0.0,0.3333333333333333
0.0,0.0
0.0,0.0
0.0,0.25
0.0666666666666666,0.0
0.0,0.5
0.0,0.5
0.0,0.5
0.0833333333333333,0.0
0.0,0.0
0.0,0.0
0.0,1.0
0.0,0.0
0.0,1.0
0.0,0.5
0.0,0.5
0.0,0.0
0.0,0.0
0.0,0.0
0.0,0.0
0.0,0.0
0.0,0.0
0.0,1.0
0.0,0.3333333333333333
0.0,0.3333333333333333
0.0,0.3333333333333333
0.0,0.3333333333333333
0.0,0.0
0.0,0.0
0.0,0.5
0.0,0.0
0.0909090909090909,0.0
0.0,0.3333333333333333
0.0,1.0
0.0,0.0
0.0,0.0
0.0,0.6666666666666666
0.0,0.0
0.0,0.0
0.0,0.5
0.0,0.0
0.0,0.3333333333333333
0.0,0.5
0.0,0.0
0.0,0.5
0.0,0.5
0.0,0.0
0.0,0.0
0.0,0.0
0.2222222222222222,0.0
0.0,0.3333333333333333
0.0,0.0
0.0,0.0
0.0,0.0
0.0,0.0
0.0,0.0
0.0,0.0
0.0,0.0
0.0,0.25
0.0,0.0
0.0,0.0
0.0,0.3333333333333333
0.0,0.0
0.0,0.25
0.0,0.0
0.0,0.0
0.0,0.0
0.0,0.0
0.0,0.0
0.0,0.3333333333333333
0.0,0.5
0.0,0.3333333333333333
0.0,0.3333333333333333
0.0,0.0
0.0,-1.0
0.0,0.5
0.0,0.0
0.0,0.0
0.0,0.0
0.0,0.0
0.0,0.0
0.0,0.0
0.0,0.0
0.0,0.0
0.0,-1.0
0.0,0.3333333333333333
0.0,0.0
0.0,0.0
0.0,0.0
0.0,0.0
0.0,0.5
0.0,0.0
0.0,0.5
0.0,0.0
0.0,0.3333333333333333
0.0,1.0
0.0,0.2
0.0,0.5
0.0,0.0
0.0,0.0
0.0,0.0
0.0,1.0
0.0588235294117647,0.0
0.0,0.0
0.0,0.3333333333333333
0.0,0.3333333333333333
0.0,0.0
0.0,0.0
0.0,0.5
0.0,0.0
0.0,0.0
0.0,0.5
0.0,0.3333333333333333
0.0,0.5
0.0,0.25
0.0,0.25
0.0,0.0
0.0,0.0
0.0,0.0
0.0,0.0
0.0,0.0
0.0,0.0
0.0,0.25
0.0,0.3333333333333333
0.0,0.3333333333333333
0.0,0.25
0.0,0.0
0.0,0.0
0.0,0.3333333333333333
0.0,0.0
0.0,0.0
0.0,0.3333333333333333
0.0,0.5
0.0,0.5
0.1,0.0
0.0,0.25
0.0,0.5
0.0,0.5
0.0,0.5
0.0909090909090909,1.0
0.0,1.0
0.0714285714285714,0.3333333333333333
0.1,0.0
0.0,0.25
0.0,0.5
0.0833333333333333,0.25
0.0,0.0
0.0,0.0
0.0,0.0
0.0,0.0
0.05,0.3333333333333333
0.0588235294117647,0.5
0.0,0.0
0.1538461538461538,0.0
0.0,0.0
0.0,0.0
0.0666666666666666,0.25
0.0,0.0
0.0,0.3333333333333333
0.0,0.2
0.0,1.0
0.0833333333333333,0.3333333333333333
0.0909090909090909,0.3333333333333333
0.0,0.0
0.0,0.5
0.0,0.25
0.0909090909090909,0.5
0.0,0.0
0.0,0.3333333333333333
0.1,0.0
0.0,0.5
0.0,0.2
0.0,0.0
0.0,0.0
0.0,0.25
0.0,0.5
0.0,0.5
0.0,0.0
0.0769230769230769,0.0
0.0,0.0
0.0,0.0
0.0,0.5
0.125,0.3333333333333333
0.1818181818181818,0.5
0.0,0.5
0.0,0.25
0.0,0.5
0.0,0.0
0.1333333333333333,0.25
0.0,0.5
0.0,0.5
0.0,0.0
0.0588235294117647,0.0
0.0,0.5
0.0,0.25
0.0,2.0
0.0,0.3333333333333333
0.0,0.0
0.0,0.3333333333333333
0.0625,0.25
0.0,0.0
0.0,0.0
0.0,0.0
0.0666666666666666,0.2
0.0,0.25
0.0,0.3333333333333333
0.0714285714285714,0.0
0.0,0.0
0.0,0.0
0.0,0.0
0.0,0.0
0.074074074074074,0.1111111111111111
0.0,0.0
0.0,0.25
0.0,0.0
0.0,0.0
0.0384615384615384,0.0
0.0434782608695652,0.0
0.0,0.1428571428571428
0.0588235294117647,0.1428571428571428
0.0,0.0
0.0,0.0
0.0769230769230769,0.0
0.0,0.1666666666666666
0.0,0.0
0.0,0.1428571428571428
0.0588235294117647,0.2
0.0,0.2
0.0,0.3333333333333333
0.1111111111111111,0.0
0.0,0.0
0.0,0.3333333333333333
0.0,0.6666666666666666
0.1538461538461538,0.0
0.1538461538461538,0.3333333333333333
0.1739130434782608,0.0
0.0526315789473684,0.6666666666666666
0.0,0.0
0.0,0.5
0.0833333333333333,0.3333333333333333
0.0833333333333333,0.3333333333333333
0.0,0.0
0.0,0.0
0.0,0.5
0.1428571428571428,0.5
0.0769230769230769,0.0
0.0,0.0
0.0,0.0
0.0,0.1666666666666666
0.0,0.1428571428571428
0.0,0.0
0.0,0.0
0.0,0.25
0.2,0.0
0.0555555555555555,0.2
0.0833333333333333,0.25
0.0769230769230769,0.0
0.0,0.0
0.0,0.0
0.0,0.0
0.0,0.0
0.0714285714285714,0.0
0.0,0.0
0.0,0.3333333333333333
0.0,0.3333333333333333
0.0,0.0
0.1,0.5
0.0588235294117647,0.25
0.0,0.0
0.0,0.0
0.0,0.0
0.0,0.1428571428571428
0.0769230769230769,0.6666666666666666
0.0909090909090909,0.25
0.0,0.1666666666666666
0.0,0.3333333333333333
0.0,0.3333333333333333
0.0,0.5
0.0,0.0
0.0,0.5
0.0526315789473684,0.125
0.0,0.2
0.0909090909090909,0.5
0.0769230769230769,0.0
0.0909090909090909,0.3333333333333333
0.0,0.6666666666666666
0.0,0.3333333333333333
0.1538461538461538,0.2
0.0,0.0
0.0,0.0
0.0714285714285714,0.25
0.0,0.3333333333333333
0.0,0.0
0.0588235294117647,0.0
0.0,0.0
0.0,0.5
0.0769230769230769,0.3333333333333333
0.0,0.0
0.0526315789473684,0.0
0.0,0.3333333333333333
0.0,0.0
0.05,0.3333333333333333
0.0625,0.25
0.0,0.3333333333333333
0.0,0.0
0.0,0.0
0.0,0.25
0.0,0.3333333333333333
0.0,0.0
0.0769230769230769,0.3333333333333333
0.0909090909090909,0.0
0.1052631578947368,0.2
0.0,0.0
0.0,0.0
0.1,0.3333333333333333
0.0,0.0
0.0526315789473684,0.2
0.1,0.0
0.0,0.5
0.0,0.0
0.0,0.0
0.1,0.25
0.1666666666666666,0.3333333333333333
0.1176470588235294,0.2
0.0476190476190476,0.0
0.0769230769230769,0.3333333333333333
0.0909090909090909,0.3333333333333333
0.1,0.1666666666666666
0.1,0.5
0.0,0.3333333333333333
0.0,0.0
0.0,0.0
0.0769230769230769,0.3333333333333333
0.0,0.0
0.0833333333333333,0.5
0.0,0.0
0.0769230769230769,0.0
0.0,0.0
0.0,0.0
0.0,0.0
0.0,0.3333333333333333
0.125,0.0
0.0714285714285714,0.5
0.0476190476190476,0.0
0.1111111111111111,0.0
0.0,0.1428571428571428
0.0909090909090909,0.0
0.2222222222222222,0.0
0.1428571428571428,0.0
0.0,1.0
0.0,0.25
0.1428571428571428,0.0
0.25,0.5
0.0,0.0
0.2222222222222222,0.5
0.1111111111111111,0.5
0.1,0.0
0.0,0.5
0.0,0.0
0.0,0.0
0.0,0.0
0.0,0.0
0.0,0.3333333333333333
0.0,0.5
0.0,0.3333333333333333
0.0,0.0
0.0,1.0
0.0,0.3333333333333333
0.0,1.0
0.0,0.0
0.0,0.0
0.0,0.0
0.0,0.0
0.0,0.5
0.0,0.5
0.0,0.2857142857142857
0.0,0.5
0.0,0.0
0.0588235294117647,0.6
0.0,0.0
0.0,0.0
0.0,0.0
0.0,0.0
0.0714285714285714,0.0
0.0714285714285714,0.0
0.1428571428571428,0.0
0.0,0.3333333333333333
0.0,0.5
0.0,0.5
0.0769230769230769,0.3333333333333333
0.0,0.0
0.0,0.0
0.0,0.0
0.0,0.0
0.0833333333333333,0.0
0.0,1.0
0.0,0.0
0.125,0.0
0.0,1.0
0.0,1.0
0.25,0.5
0.0,0.0
0.1,0.25
0.1,0.0
0.1,0.25
0.25,0.5
0.1111111111111111,0.5
0.0526315789473684,0.0
0.0555555555555555,0.2
0.0666666666666666,0.1428571428571428
0.0,0.0
0.0,0.0
0.0,0.25
0.0,0.0
0.0909090909090909,0.0
0.0,0.0
0.0769230769230769,0.2
0.0,0.25
0.0,0.0
0.0,0.25
0.0,0.5
0.0,0.0
0.0,0.0
0.0,0.0
0.0,0.0
0.0,0.0
0.0909090909090909,0.0
0.0,0.0
0.0,0.0
0.0,0.0
0.0,0.0
0.0,0.0
0.0,0.0
0.0,0.0
0.0,0.0
0.0909090909090909,0.3333333333333333
0.0,0.0
0.0,0.5
0.0,0.5
0.125,0.5
0.0,0.1666666666666666
0.0,0.3333333333333333
0.0,0.0
0.0,0.5
0.0,0.5
0.0,0.3333333333333333
0.0,0.3333333333333333
0.0833333333333333,0.0
0.0,0.0
0.0,0.3333333333333333
0.0,0.5
0.0,0.5
0.0,0.5
0.0,0.0
0.0714285714285714,0.5
0.0,0.3333333333333333
0.1764705882352941,0.3333333333333333
0.2,0.25
0.1176470588235294,0.25
0.1764705882352941,0.25
0.0,0.0
0.0,0.0
0.1,0.3333333333333333
0.0,0.3333333333333333
0.0526315789473684,0.2
0.0,0.0
0.1304347826086956,0.2
0.1052631578947368,0.4
0.0,0.0
0.08,0.1666666666666666
0.0769230769230769,0.3333333333333333
0.0,1.0
0.0,0.5
0.0,0.0
0.0,0.0
0.0,0.0
0.0,0.0
0.0,0.5
0.0,0.5
0.0,0.0
0.0,0.0
0.0769230769230769,0.0
0.0769230769230769,0.5
0.0,0.5
0.1428571428571428,0.3333333333333333
0.05,0.3333333333333333
0.05,0.5
0.0,0.0
0.0,0.0
0.0,0.3333333333333333
0.0,0.5
0.0,0.0
0.0666666666666666,0.0
0.0,0.0
0.0833333333333333,0.0
0.0,0.0
0.0714285714285714,0.3333333333333333
0.1,0.3333333333333333
0.0,0.2
0.0,0.25
0.0714285714285714,0.0
0.0,0.0
0.0833333333333333,0.25
0.1666666666666666,0.25
0.0,0.0
0.1111111111111111,0.0
0.0,0.5
0.0,0.3333333333333333
0.0769230769230769,0.0
0.0714285714285714,0.2
0.0714285714285714,0.2
0.0,0.0
0.0,0.0
0.0,0.0
0.0476190476190476,0.2
0.0952380952380952,0.2
0.0555555555555555,0.2
0.0,0.0
0.0909090909090909,0.1666666666666666
0.0,0.0
0.0,0.0
0.1052631578947368,0.2
0.0,0.5
0.0,0.0
0.0,0.0
0.0952380952380952,0.0
0.0909090909090909,0.2
0.0,0.0
0.0769230769230769,0.3333333333333333
0.0555555555555555,0.0
0.0476190476190476,0.0
0.0,0.0
0.0,0.0
0.0,0.0
0.0,2.0
0.0,0.0
0.0,0.0
0.0,0.0
0.1111111111111111,0.1428571428571428
0.0,0.0
0.0,0.0
0.0,0.5
0.0476190476190476,0.0
0.0,0.0
0.0555555555555555,0.0
0.1052631578947368,0.0
0.0,0.0
0.0,1.0
0.0,0.0
0.0,0.0
0.0454545454545454,0.0
0.0526315789473684,0.0
0.0,0.25
0.0555555555555555,0.25
0.0769230769230769,0.3333333333333333
0.0,0.0
0.0,0.0
0.0,0.0
0.0,0.0
0.0,0.0
0.03125,0.125
0.0,0.3333333333333333
0.1,0.3333333333333333
0.0,0.0
0.0,0.0
0.0,0.0
0.0666666666666666,0.2
0.1,0.3333333333333333
0.0,0.0
0.0833333333333333,0.25
0.0,0.0
0.0,1.0
0.0,0.3333333333333333
0.0833333333333333,2.0
0.125,0.0
0.0,0.3333333333333333
0.0555555555555555,0.2
0.0,0.3333333333333333
0.0,0.3333333333333333
0.0,0.1666666666666666
0.0,0.0
0.0,0.0
0.0,0.3333333333333333
0.0,0.0
0.0,0.3333333333333333
0.0,0.0
0.1875,0.0
0.0,0.0
0.0,0.0
0.0,0.0
0.0909090909090909,0.0
0.0,0.5
0.0,0.5
0.0,0.0
0.0,1.0
0.1666666666666666,0.3333333333333333
0.0,1.0
0.0714285714285714,0.25
0.1,0.0
0.0,0.0
0.0,0.3333333333333333
0.1111111111111111,0.3333333333333333
0.0,0.0
0.0,0.3333333333333333
0.0,0.0
0.0,0.5
0.0,0.0
0.0,0.0
0.0,0.0
0.0,0.0
0.0,0.0
0.0,0.0
0.0,0.5
0.0833333333333333,0.3333333333333333
0.0909090909090909,0.0
0.1111111111111111,0.5
0.0,0.5
0.0,0.3333333333333333
0.0,0.5
0.0,0.0
0.0,0.5
0.1,0.0
0.0,0.0
0.0,0.0
0.0,0.5
0.0,0.5
0.1111111111111111,0.0
0.0,0.0
0.0,0.0
0.0,0.0
0.0,0.0
0.0909090909090909,0.0
0.0,0.3333333333333333
0.0,0.5
0.0,0.3333333333333333
0.0833333333333333,0.0
0.1111111111111111,0.0
0.1818181818181818,0.5
0.0,0.5
0.0833333333333333,0.0
0.0,0.0
0.1538461538461538,0.3333333333333333
0.1538461538461538,0.3333333333333333
0.0,0.2
0.0769230769230769,0.3333333333333333
0.0714285714285714,0.25
0.0909090909090909,0.3333333333333333
0.1818181818181818,0.3333333333333333
0.0,0.3333333333333333
0.0,0.25
0.0,0.0
0.0,0.3333333333333333
0.0,0.3333333333333333
0.0,0.0
0.0,0.25
0.0,0.0
0.0,0.0
0.0,0.0
0.0,1.0
0.0833333333333333,0.5
0.0,0.0
0.0,0.0
0.0,1.0
0.0,1.0
0.1,0.0
0.0,0.0
0.0,0.0
0.0,0.0
0.1111111111111111,0.0
0.0,0.0
0.0,0.0
0.0,0.0
0.0,0.25
0.0625,0.1666666666666666
0.0588235294117647,0.3333333333333333
0.0,0.0
0.0,0.0
0.0,0.0
0.0,0.5
0.0833333333333333,0.5
0.0,0.25
0.0,0.5
0.0,0.0
0.0,0.0
0.0,0.0
0.0,0.25
0.0,0.5
0.0,0.0
0.0,0.3333333333333333
0.0,0.0
0.0769230769230769,0.3333333333333333
0.1,0.3333333333333333
0.0909090909090909,0.25
0.0,0.0
0.0,0.0
0.0769230769230769,0.3333333333333333
0.0,0.5
0.0769230769230769,0.0
0.1111111111111111,0.0
0.0,0.25
0.0909090909090909,0.0
0.0625,0.1666666666666666
0.0,0.1666666666666666
0.0,0.0
0.0,0.1666666666666666
0.0,0.0
0.0,0.0
0.0666666666666666,0.2
0.0,0.1666666666666666
0.0,0.25
0.0,0.5
0.0,0.3333333333333333
0.0,0.3333333333333333
0.0,0.1666666666666666
0.0,0.5
0.0,0.0
0.0,0.3333333333333333
0.0,0.0
0.0,0.0
0.0,0.0
0.0,0.5
0.0,0.0
0.0,0.0
0.0625,0.2
0.0,0.5
0.0,0.0
0.0,0.5
0.0769230769230769,0.25
0.0,0.3333333333333333
0.0909090909090909,0.0
0.0,0.5
0.0,0.3333333333333333
0.0,1.0
0.0,0.3333333333333333
0.0,0.0
0.0,0.0
0.0,0.0
0.0,0.0
0.0,0.25
0.0,0.1428571428571428
0.0,0.3333333333333333
0.1,0.3333333333333333
0.0,0.3333333333333333
0.0,0.5
0.0,0.0
0.0,0.5
0.0,0.0
0.0,0.0
0.0,0.5
0.0,0.3333333333333333
0.0,0.3333333333333333
0.0,0.0
0.0,0.0
0.0714285714285714,0.3333333333333333
0.0,0.5
0.0909090909090909,0.3333333333333333
0.0,0.0
0.0,0.5
0.0,0.25
0.0,0.0
0.0,0.0
0.0,0.0
0.0,0.5
0.0769230769230769,0.3333333333333333
0.0,0.0
0.0,0.0
0.0,0.3333333333333333
0.0,0.0
0.0,0.0
0.0666666666666666,0.0
0.0,0.0
0.0,1.0
0.0,0.5
0.1428571428571428,0.25
0.0,1.0
0.0769230769230769,0.3333333333333333
0.0769230769230769,0.25
0.0,0.0
0.0909090909090909,0.3333333333333333
0.0,0.0
0.0909090909090909,0.3333333333333333
0.0,0.5
0.0,0.0
0.0,0.5
0.0,0.3333333333333333
0.125,0.3333333333333333
0.0,0.0
0.0833333333333333,0.0
0.1111111111111111,0.0
0.0,0.1666666666666666
0.0,0.0
0.0714285714285714,0.5
0.0,2.0
0.0,0.5
0.0909090909090909,0.0
0.0,0.0
0.0909090909090909,0.3333333333333333
0.0,0.3333333333333333
0.0,0.0
0.0,0.0
0.0,0.0
0.0,0.0
0.0,0.3333333333333333
0.0,1.0
0.0,0.0
0.0,0.0
0.0,0.0
0.0,0.0
0.0,0.0
0.0,0.0
0.0,0.0
0.0,0.0
0.0,0.0
0.0,0.0
0.0,0.0
0.0769230769230769,0.0
0.0,0.0
0.0,0.0
0.0,0.0
0.0,0.25
0.0,0.2
0.0769230769230769,0.25
0.0,0.3333333333333333
0.0,0.0
0.0,0.1666666666666666
0.1538461538461538,0.25
0.0,0.0
0.0,0.5
0.0666666666666666,0.0
0.0,0.0
0.0,0.0
0.0,0.3333333333333333
0.1428571428571428,0.0
0.0,0.0
0.0,0.0
0.0,0.0
0.0,0.0
0.0,0.0
0.0833333333333333,0.0
0.0769230769230769,0.0
0.125,0.0
0.0,0.25
0.0,0.25
0.0,0.0
0.0,0.0
0.0,0.0
0.0,0.2
0.0,0.0
0.0,0.25
0.0,0.0
0.0,0.0
0.0833333333333333,0.3333333333333333
0.0769230769230769,0.0
0.0,0.3333333333333333
0.0,0.0
0.0,0.0
0.0,0.0
0.0,0.0
0.0,0.0
0.0,0.0
0.0833333333333333,0.3333333333333333
0.0,0.4
0.0,0.3333333333333333
0.0,0.3333333333333333
0.0,0.0
0.0,0.3333333333333333
0.1428571428571428,0.5
0.1666666666666666,0.6666666666666666
0.0,0.3333333333333333
0.0,0.0
0.0,0.0
0.0,0.0
0.0,0.3333333333333333
0.0,0.0
0.1666666666666666,0.1428571428571428
0.0,0.25
0.0,0.5
0.125,0.0
0.0,0.0
0.0,0.0
0.1111111111111111,0.0
0.0,1.0
0.0,0.5
0.0,0.0
0.0,0.0
0.0,0.3333333333333333
0.0,0.0
0.0,0.0
0.0,0.25
0.0,0.5
0.1818181818181818,0.3333333333333333
0.0,0.5
0.0,0.0
0.0,0.0
0.0,0.0
0.0,0.0
0.0,0.0
0.0,0.0
0.0,0.5
0.0,0.3333333333333333
0.0625,0.0
0.0,0.0
0.0,0.0
0.0,0.5
0.0,0.0
0.0,0.0
0.0909090909090909,0.3333333333333333
0.0769230769230769,0.0
0.0,0.0
0.0,0.0
0.0666666666666666,0.5
0.0769230769230769,0.0
0.0714285714285714,0.25
0.0,0.0
0.0714285714285714,0.5
0.0625,0.2
0.0,0.0
0.1333333333333333,0.3333333333333333
0.0,0.0
0.0,0.5
0.0,0.0
0.0,0.0
0.0,0.3333333333333333
0.0,0.0
0.0769230769230769,0.3333333333333333
0.1,1.0
0.0,0.0
0.0,0.5
0.0,0.5
0.0,0.0
0.0588235294117647,0.4
0.0,0.25
0.0,0.0
0.0588235294117647,0.25
0.0,0.3333333333333333
0.0,0.0
0.0,0.0
0.0,0.25
0.0,0.5
0.0833333333333333,0.25
0.0,0.0
0.0,0.25
0.0,0.25
0.0769230769230769,0.3333333333333333
0.0,0.0
0.0,0.0
0.0,0.5
0.0,1.0
0.0909090909090909,0.0
0.1,0.0
0.0714285714285714,0.6666666666666666
0.1428571428571428,1.0
0.0666666666666666,0.0
0.0,0.0
0.0,0.5
0.0,0.3333333333333333
0.0,0.5
0.1538461538461538,0.0
0.1428571428571428,0.0
0.0625,0.6666666666666666
0.0,0.6
0.0,0.5
0.0,1.0
0.0,0.5
0.0714285714285714,0.25
0.0,0.0
0.0,0.0
0.0625,0.0
0.0909090909090909,0.3333333333333333
0.0555555555555555,0.4
0.1,0.0
0.1538461538461538,0.5
0.0,-1.0
0.0,1.0
0.0666666666666666,0.1666666666666666
0.0833333333333333,0.3333333333333333
0.0,0.3333333333333333
0.0,0.0
0.0,0.0
0.0,0.0
0.0909090909090909,0.25
0.1052631578947368,0.4
0.0833333333333333,0.0
0.0,0.3333333333333333
0.0,0.3333333333333333
0.0,0.3333333333333333
0.0,0.0
0.0,1.0
0.1111111111111111,0.5
0.0,0.5
0.0,0.0
0.0,0.0
0.0,0.0
0.0714285714285714,0.0
0.0,0.3333333333333333
0.0,0.5
0.0,0.3333333333333333
0.0,0.0
0.0,0.5
0.0666666666666666,0.0
0.0,0.0
0.0,0.6666666666666666
0.0,0.5
0.0,0.0
0.0833333333333333,0.5
0.0,0.0
0.0714285714285714,2.0
0.0666666666666666,0.0
0.0909090909090909,0.0
0.0,0.0
0.0666666666666666,0.2
0.0,0.3333333333333333
0.0,0.0
0.0769230769230769,0.25
0.0,0.5
0.0588235294117647,0.2
0.1111111111111111,0.5
0.0,0.5
0.0,0.0
0.1818181818181818,0.3333333333333333
0.0833333333333333,0.6666666666666666
0.0625,0.2
0.0,0.0
0.0952380952380952,0.5
0.0769230769230769,0.25
0.1428571428571428,0.0
0.0909090909090909,0.0
0.1333333333333333,0.0
0.0,0.3333333333333333
0.0,0.3333333333333333
0.0,0.0
0.0666666666666666,0.25
0.1,0.5
0.0769230769230769,0.3333333333333333
0.0,0.0
0.2,0.5
0.0,0.5
0.0,0.0
0.0,0.3333333333333333
0.1,0.0
0.0,0.0
0.1666666666666666,0.25
0.0,0.0
0.0357142857142857,0.4
0.1,0.5
0.0714285714285714,0.25
0.0714285714285714,0.3333333333333333
0.0,0.1666666666666666
0.0,0.25
0.0,0.0
0.0,0.2
0.0,0.1428571428571428
0.0,0.0
0.125,0.3333333333333333
0.0909090909090909,0.0
0.1666666666666666,0.0
0.0,0.25
0.0,0.0
0.0,0.0
0.0666666666666666,0.0
0.2307692307692307,0.3333333333333333
0.0909090909090909,1.0
0.0625,0.0
0.0,0.25
0.0,0.0
0.1538461538461538,0.0
0.0666666666666666,0.0
0.0869565217391304,0.0
0.0588235294117647,0.4
0.1111111111111111,0.5
0.0,0.0
0.0833333333333333,0.0
0.1333333333333333,0.25
0.0909090909090909,0.3333333333333333
0.0909090909090909,0.2
0.0,0.0
0.0,1.0
0.0833333333333333,1.0
0.0,0.0
0.0,1.0
0.0,0.0
0.0909090909090909,0.0
0.0,0.0
0.0,0.5
0.0,0.3333333333333333
0.0,0.25
0.0,0.5
0.0,0.0
0.0,0.0
0.0,0.0
0.0833333333333333,0.2
0.0,0.5
0.0,0.25
0.0,0.5
0.0,0.1666666666666666
0.0,0.5
0.0,0.5
0.0,0.0
0.0,0.25
0.0,0.6666666666666666
0.0625,0.5
0.0588235294117647,0.25
0.0,0.5
0.0,0.5
0.15,0.1428571428571428
0.0,1.0
0.1111111111111111,0.0
0.0,0.5
0.0,0.0
0.0,0.3333333333333333
0.0,0.3333333333333333
0.0,0.25
0.0,0.5
0.0,0.5
0.0,0.0
0.0,0.3333333333333333
0.0,0.0
0.0,0.1666666666666666
0.0,0.0
0.0555555555555555,0.6
0.0,0.0
0.0,0.6666666666666666
0.0,0.1666666666666666
0.0,0.0
0.0,0.0
0.0,0.0
0.0,0.0
0.0,0.3333333333333333
0.0,0.3333333333333333
0.0,0.0
0.0,0.0
0.1428571428571428,0.5
0.0,0.0
0.0,0.2
0.0,0.2
0.0,0.6666666666666666
0.0,0.0
0.0,0.3333333333333333
0.0,0.25
0.0666666666666666,1.0
0.0,0.0
0.0,0.3333333333333333
0.0769230769230769,0.0
0.0,0.0
0.0,0.0
0.0666666666666666,0.25
0.0,0.5
0.0,0.5
0.0,0.0
0.0,0.0
0.0,0.0
0.0,0.0
0.0,0.5
0.0769230769230769,0.5
0.0,0.0
0.0833333333333333,0.0
0.0,0.0
0.0666666666666666,0.2
0.0,0.0
0.0,0.0
0.0,0.0
0.0,0.5
0.0,0.2
0.0,0.0
0.0,0.5
0.0909090909090909,0.1666666666666666
0.05,0.2
0.0,0.0
0.1111111111111111,0.2
0.0,0.5
0.1111111111111111,0.3333333333333333
0.0769230769230769,0.0
0.0,0.0
0.0,2.0
0.0,0.0
0.0,0.6666666666666666
0.0,0.0
0.0,0.0
0.0909090909090909,0.0
0.0,2.0
0.0,1.0
0.0,0.6666666666666666
0.0833333333333333,0.3333333333333333
0.0,0.0
0.0769230769230769,0.0
0.0,0.3333333333333333
0.0625,0.2
0.0,0.0
0.0,0.0
0.0,0.3333333333333333
0.0,1.0
0.0,0.0
0.0,0.5
0.0,0.0
0.0,0.5
0.0,1.0
0.0,0.0
0.0,0.0
0.0,0.0
0.0714285714285714,0.25
0.125,0.5
0.0,0.0
0.0,0.0
0.0,0.0
0.0833333333333333,0.3333333333333333
0.0,0.4
0.0,0.0
0.0714285714285714,0.0
0.0,0.0
0.0,0.3333333333333333
0.0,0.0
0.0,0.0
0.0,0.5
0.0,0.0
0.0,0.0
0.0,0.0
0.0,0.0
0.0,0.3333333333333333
0.0,0.0
0.0,0.5
0.0,0.0
0.0909090909090909,0.25
0.0,0.1428571428571428
0.0,0.0
0.0,0.3333333333333333
0.0,0.0
0.0909090909090909,0.0
0.0,0.75
0.0,0.3333333333333333
0.0,0.3333333333333333
0.0,0.5
0.0,0.0
0.0,0.0
0.0,0.25
0.0,1.0
0.0,0.25
0.0,0.0
0.0714285714285714,0.25
0.0,0.0
0.0,0.0
0.0,0.0
0.0,0.0
0.0,1.0
0.0,0.5
0.0,0.5
0.0769230769230769,0.0
0.0,1.0
0.0,0.25
0.0,0.3333333333333333
0.0,0.0
0.0,0.0
0.0,0.5
0.0,1.0
0.0625,0.0
0.0,0.25
0.0,0.0
0.0,0.0
0.0,0.0
0.0833333333333333,0.0
0.0,0.3333333333333333
0.0,0.3333333333333333
0.0,0.0
0.0,0.0
0.0714285714285714,0.0
0.0,1.0
0.0,0.0
0.0,1.0
0.0909090909090909,0.3333333333333333
0.0,1.0
0.0,0.5
0.0,0.0
0.0,0.0
0.0,0.0
0.0,0.2
0.0,0.5
0.0,0.0
0.0,0.0
0.0555555555555555,0.3333333333333333
0.1,0.0
0.0,0.2
0.0,0.25
0.0,0.0
0.0,0.0
0.0,0.5
0.0,0.3333333333333333
0.0,0.0
0.0,0.0
0.0,1.0
0.0714285714285714,0.25
0.1111111111111111,0.0
0.0625,0.25
0.0,0.0
0.0,0.0
0.0833333333333333,0.6666666666666666
0.1,0.0
0.0,0.3333333333333333
0.0588235294117647,0.2
0.0,0.0
0.0,0.0
0.0,0.5
0.0769230769230769,0.0
0.0,0.3333333333333333
0.0,0.25
0.1,0.0
0.125,0.5
0.0909090909090909,0.3333333333333333
0.0,0.5
0.0,0.3333333333333333
0.0,0.5
0.0909090909090909,0.0
0.0833333333333333,0.3333333333333333
0.0,0.0
0.0,0.3333333333333333
0.0,0.0
0.0,0.0
0.0,0.0
0.1,0.25
0.0,0.0
0.0,0.0
0.0,0.0
0.0666666666666666,0.0
0.0,0.0
0.0,0.6666666666666666
0.0,0.0
0.0,0.0
0.0,0.5
0.0,0.0
0.0,0.25
0.0,0.3333333333333333
0.0,0.3333333333333333
0.0,0.5
0.0,0.3333333333333333
0.0909090909090909,1.0
0.0,1.0
0.0909090909090909,0.3333333333333333
0.0,0.3333333333333333
0.0,1.0
0.1428571428571428,1.0
0.0,0.5
0.0,0.0
0.0,0.0
0.0,0.0
0.0,0.0
0.0714285714285714,0.6666666666666666
0.0,1.0
0.0,0.0
0.0,0.0
0.0,0.0
0.125,0.0
0.0,0.5
0.0,0.0
0.125,0.0
0.0909090909090909,0.3333333333333333
0.0,0.0
0.0,0.0
0.0,0.0
0.0833333333333333,0.3333333333333333
0.0,0.5
0.0,1.0
0.0,1.0
0.125,0.0
0.0,0.5
0.0,0.0
0.0,0.5
0.0,1.0
0.0,0.0
0.0,0.0
0.1,0.0
0.0,0.3333333333333333
0.0,0.5
0.0,0.0
0.0666666666666666,0.25
0.0,0.1666666666666666
0.0625,0.0
0.0,0.5
0.0909090909090909,0.0
0.0666666666666666,0.25
0.0,0.5
0.0,0.5
0.0,0.0
0.0,0.5
0.0909090909090909,0.5
0.0,0.0
0.0,0.25
0.0,0.5
0.0,1.0
0.0,0.0
0.0,0.0
0.0,0.25
0.0,0.25
0.0,0.0
0.0,0.0
0.0,0.3333333333333333
0.0,0.6666666666666666
0.0,0.0
0.0,0.3333333333333333
0.0666666666666666,0.25
0.0,0.5
0.0,0.3333333333333333
0.0,0.5
0.0,0.0
0.0,0.0
0.0,1.0
0.1,0.0
0.1111111111111111,0.0
0.0,0.0
0.0,0.0
0.0,0.0
0.0,0.0
0.0,0.3333333333333333
0.0,0.0
0.0,0.0
0.0,0.0
0.0,0.0
0.0,0.5
0.1,0.25
0.0,0.0
0.1,0.3333333333333333
0.1,0.5
0.0,0.5
0.0,1.0
0.0,0.0
0.0909090909090909,0.25
0.0,0.0
0.1111111111111111,0.0
0.0,0.3333333333333333
0.0,0.0
0.0,0.25
0.0,0.3333333333333333
0.0,1.0
0.0,0.5
0.0,0.3333333333333333
0.0,0.0
0.1,0.3333333333333333
0.0,1.0
0.0,1.0
0.0,0.25
0.0,0.5
0.0,0.0
0.125,0.0
0.0526315789473684,0.0
0.0,0.0
0.0,0.0
0.0,0.3333333333333333
0.0,0.0
0.0833333333333333,0.2
0.0,0.0
0.0769230769230769,0.25
0.0,0.25
0.0833333333333333,0.25
0.0,0.0
0.1666666666666666,0.5
0.1,0.25
0.0769230769230769,0.2
0.0,0.2
0.0,0.0
0.0,0.0
0.0,0.3333333333333333
0.0,0.0
0.0,3.0
0.0,0.0
0.0,0.0
0.0,0.5
0.1111111111111111,0.5
0.0,0.6666666666666666
0.0909090909090909,0.0
0.0,1.0
0.0,0.5
0.0,0.0
0.0,0.0
0.0,0.0
0.0,0.0
0.0769230769230769,0.3333333333333333
0.0714285714285714,0.0
0.0,0.5
0.0,0.0
0.0714285714285714,0.1666666666666666
0.0,0.0
0.0,0.0
0.0833333333333333,0.0
0.0,0.6666666666666666
0.0769230769230769,0.0
0.125,0.0
0.0,0.25
0.0,0.3333333333333333
0.0666666666666666,0.0
